,core_log_return_oos
2021-01-01,0.0
2021-01-04,0.0004199946779539891
2021-01-05,-0.0004184706091566069
2021-01-06,0.003564537758616319
2021-01-07,0.0015468089055902107
2021-01-08,0.002128674419838203
2021-01-11,-0.0028048993114820594
2021-01-12,-0.0016564361792427212
2021-01-13,0.0020581968146116364
2021-01-14,0.0022843493191381055
2021-01-15,-0.0032241647823278963
2021-01-18,6.311737958404569e-05
2021-01-19,-0.00022211626532850722
2021-01-20,0.002371263058509118
2021-01-21,-0.0015479245335306808
2021-01-22,-0.0014297022429088603
2021-01-25,-0.0012092126302618337
2021-01-26,0.000973274688736368
2021-01-27,-0.0028846627707360675
2021-01-28,-0.0003779420431237015
2021-01-29,-0.00599079298824012
2021-02-01,0.0040648471155310525
2021-02-02,0.0032523900342136315
2021-02-03,0.001111300436561648
2021-02-04,0.0017215099476964335
2021-02-05,0.00019075189634686388
2021-02-08,0.00034018348894890836
2021-02-09,-0.000271450859062417
2021-02-10,8.515734835163412e-05
2021-02-11,0.001705082690518145
2021-02-12,0.0012787423141096127
2021-02-15,0.002895424404871015
2021-02-16,-0.0014372909296301033
2021-02-17,-0.0024218426894463433
2021-02-18,-0.0030022733429097863
2021-02-19,0.0009499851585616842
2021-02-22,-0.00027067894546182916
2021-02-23,-0.0021812279122225453
2021-02-24,0.0011917200445959763
2021-02-25,-0.004389849858350827
2021-02-26,-0.0029952745171539404
2021-03-01,0.0077271039906541186
2021-03-02,0.0008847759723918842
2021-03-03,-0.0012699646149982307
2021-03-04,0.0001370826153944821
2021-03-05,-0.0031466600210950913
2021-03-08,0.005605262955951092
2021-03-09,0.0029600413218039264
2021-03-10,0.0014987890606162836
2021-03-11,0.0025473548209391846
2021-03-12,-0.0016546026020837986
2021-03-15,0.0011187220581151556
2021-03-16,0.002182632365120904
2021-03-17,-0.002777705762030485
2021-03-18,0.0011994624752094424
2021-03-19,-0.0007347406740493795
2021-03-22,0.00043153397860906206
2021-03-23,8.034989743542396e-05
2021-03-24,0.0008122421470834172
2021-03-25,0.0009186044879210521
2021-03-26,0.0017032637691607728
2021-03-29,4.077295655906287e-05
2021-03-30,0.0010191651347102313
2021-03-31,0.0004018479835684127
2021-04-01,0.0032704155608808093
2021-04-02,0.0
2021-04-05,0.0
2021-04-06,0.0006806469156061424
2021-04-07,-0.0003845473749722544
2021-04-08,0.0026797868949993047
2021-04-09,-0.0016749567486814287
2021-04-12,-0.0011296669577986317
2021-04-13,-1.4158073627988996e-05
2021-04-14,-0.00018665013071658893
2021-04-15,0.002601210918457879
2021-04-16,0.0017714589802548765
2021-04-19,-0.0009729168723472745
2021-04-20,-0.005101974724390643
2021-04-21,0.0027841284655806325
2021-04-22,0.0016916615101610747
2021-04-23,-0.00039733342681523565
2021-04-26,0.00047563855642754365
2021-04-27,-0.00020764974568689165
2021-04-28,-0.0005760369253183304
2021-04-29,-0.0015881895740864184
2021-04-30,-0.00034233898356201387
2021-05-03,0.002854935747787994
2021-05-04,-0.004251000890864151
2021-05-05,0.005278701144460489
2021-05-06,-0.0001489775846619832
2021-05-07,0.00224165812780124
2021-05-10,0.00011125102946463221
2021-05-11,-0.007085257949426739
2021-05-12,-0.0005047960603227973
2021-05-13,-0.0007801919693611142
2021-05-14,0.00400369034639521
2021-05-17,-0.0005884352838173165
2021-05-18,0.0001670825680252612
2021-05-19,-0.004608188972626646
2021-05-20,0.004146220619858117
2021-05-21,0.0018943439321631435
2021-05-24,0.0008242969972006969
2021-05-25,0.001683231380295065
2021-05-26,0.001138787783779932
2021-05-27,0.0003978517554450204
2021-05-28,0.0017971081627509897
2021-05-31,-0.0013888629362059776
2021-06-01,0.002965306231233332
2021-06-02,0.0010252056615436586
2021-06-03,-0.001042013538178792
2021-06-04,0.0021440203916562465
2021-06-07,0.0006699465424362934
2021-06-08,0.0008213068546569974
2021-06-09,0.0010526444683487503
2021-06-10,0.00014109099785748882
2021-06-11,0.0032541308734834705
2021-06-14,-0.0003180975412382144
2021-06-15,2.3271616491359103e-05
2021-06-16,0.001232385482794774
2021-06-17,-0.0013141718146245376
2021-06-18,-0.00523440973127284
2021-06-21,0.0015962921859907972
2021-06-22,-0.00032395232083811954
2021-06-23,-0.0011461556371810105
2021-06-24,0.0031823756526088566
2021-06-25,-0.00029068376161397856
2021-06-28,-0.001105665905015789
2021-06-29,0.0008630682806120045
2021-06-30,-0.0008953676703293138
2021-07-01,0.0026840774357839666
2021-07-02,0.000746326613246617
2021-07-05,0.0007190079675460699
2021-07-06,-0.0003170357649770671
2021-07-07,0.0024939247424163725
2021-07-08,-0.004488578094709724
2021-07-09,0.003241142170154638
2021-07-12,0.0027992578166927524
2021-07-13,-0.00014166122208675568
2021-07-14,0.00043892411181075135
2021-07-15,-0.002659548550678123
2021-07-16,-0.0003924402013425187
2021-07-19,-0.006679325447950464
2021-07-20,0.0016384450564599878
2021-07-21,0.005229530703666383
2021-07-22,0.0026934368293456824
2021-07-23,0.0033768818413082097
2021-07-26,-0.00038023728339671746
2021-07-27,-0.0010302451301797458
2021-07-28,0.0023582010780931945
2021-07-29,0.001757638583479807
2021-07-30,-0.0008868037042899618
2021-08-02,0.0018852870238626506
2021-08-03,0.001048603117566236
2021-08-04,0.0018547328758927212
2021-08-05,0.0013159515794409944
2021-08-06,-0.0009763366059776591
2021-08-09,0.0005543038263027023
2021-08-10,0.0007915878301189312
2021-08-11,0.001229418609700517
2021-08-12,0.0009104572368639692
2021-08-13,0.0002967791958292591
2021-08-16,-0.0015975565440615419
2021-08-17,-0.00044466180597672715
2021-08-18,0.0011211391848894468
2021-08-19,-0.004605397681751444
2021-08-20,0.0012643679883527497
2021-08-23,0.00151441253283013
2021-08-24,-0.00010706447555010016
2021-08-25,-0.0020665111996197253
2021-08-26,-0.0012516873882206074
2021-08-27,0.0015265894620868777
2021-08-30,0.0003587668278637142
2021-08-31,-0.002296727208936258
2021-09-01,0.0017197468097073566
2021-09-02,0.0008680849373868155
2021-09-03,-0.0023515765071181285
2021-09-06,0.0021436907726963997
2021-09-07,-0.0032709031896729288
2021-09-08,-0.002593774225726153
2021-09-09,0.0012548806294105
2021-09-10,-0.001376852149790937
2021-09-13,0.0014340542046325175
2021-09-14,4.137174717220324e-05
2021-09-15,-0.0033092082187410033
2021-09-16,0.0013307102556243328
2021-09-17,-0.002815728970159673
2021-09-20,-0.005554665246354429
2021-09-21,0.0044419825183549845
2021-09-22,0.002774691639976877
2021-09-23,0.0006925065004045191
2021-09-24,-0.0036207535198426954
2021-09-27,-0.0005145623569424314
2021-09-28,-0.0070396506225046205
2021-09-29,0.002610445255857447
2021-09-30,-0.0008977359048760765
2021-10-01,0.0004008236432709172
2021-10-04,-0.002459773189750985
2021-10-05,0.003511987079716198
2021-10-06,-0.004241945992939916
2021-10-07,0.0054034925204653785
2021-10-08,-0.0021988106136799045
2021-10-11,-0.0007562992847155927
2021-10-12,-0.0010627696640912506
2021-10-13,0.0025047376925533414
2021-10-14,0.0057295743061979276
2021-10-15,0.00162448851021276
2021-10-18,-0.003246521384260883
2021-10-19,0.0004542703643714878
2021-10-20,0.0016432297876038957
2021-10-21,-0.001717559201006075
2021-10-22,0.0010450000570828301
2021-10-25,0.0018866988901781816
2021-10-26,0.0019216387264609346
2021-10-27,0.00017955910977684162
2021-10-28,-0.0007082960244128595
2021-10-29,-0.0023393681409854396
2021-11-01,0.0024866695107078453
2021-11-02,0.0034467524663758737
2021-11-03,0.002070348696369073
2021-11-04,0.003262544124616307
2021-11-05,0.0015023881503003823
2021-11-08,-0.0005578794119107888
2021-11-09,3.462814952357449e-05
2021-11-10,0.0002049719570917706
2021-11-11,0.0008208055514425828
2021-11-12,0.001892905231089914
2021-11-15,0.0011312414117929381
2021-11-16,0.0007716318201094085
2021-11-17,-0.00021158367638087763
2021-11-18,-0.0007326142491983377
2021-11-19,-0.0007774457400732238
2021-11-22,-0.0013997023779704243
2021-11-23,-0.008377316967775971
2021-11-24,0.0009046526837116929
2021-11-25,0.0016162229965969055
2021-11-26,-0.019597190573133427
2021-11-29,0.005265196943862405
2021-11-30,-0.004518062101536791
2021-12-01,0.009545637461791667
2021-12-02,-0.0057867384801479575
2021-12-03,-0.002336865126768173
2021-12-06,0.008312963840131526
2021-12-07,0.0119122620915606
2021-12-08,-0.004202498499270668
2021-12-09,-0.0006228346723556655
2021-12-10,-0.0008236491702422023
2021-12-13,-0.0020241739989110942
2021-12-14,-0.004193933756093038
2021-12-15,0.0015431419702860438
2021-12-16,0.005195096600399251
2021-12-17,-0.0025531790737031044
2021-12-20,-0.006302784367865843
2021-12-21,0.005717984803491737
2021-12-22,0.0047559690640031965
2021-12-23,0.003474549685318495
2021-12-24,-0.00029404901863088194
2021-12-27,0.0037062698581235677
2021-12-28,0.0034390007375158403
2021-12-29,-0.0020299932561744782
2021-12-30,0.0009729705918796294
2021-12-31,0.00012617412111265436
2022-01-03,0.0018826428702048315
2022-01-04,0.001997983849672935
2022-01-05,0.0002919642317410265
2022-01-06,-0.007129970510994399
2022-01-07,-0.0015500343723631404
2022-01-10,-0.008341241510977948
2022-01-11,0.004127367393332482
2022-01-12,0.0035389542537526686
2022-01-13,6.631607517397777e-05
2022-01-14,-0.005374413809887379
2022-01-17,0.0026803972706755607
2022-01-18,-0.0051611044754651175
2022-01-19,0.0016839565592188578
2022-01-20,0.0032109740960276855
2022-01-21,-0.00869225045104185
2022-01-24,-0.019387659622918073
2022-01-25,0.0033377563880518935
2022-01-26,0.008249599167612042
2022-01-27,0.0030540710328774813
2022-01-28,-0.005805544870579937
2022-01-31,0.0013964003905578607
2022-02-01,0.007254362510025869
2022-02-02,0.000560079961785309
2022-02-03,-0.012542061617770807
2022-02-04,-0.010234026228298911
2022-02-07,0.0017579821170613625
2022-02-08,0.0007841851380951171
2022-02-09,0.009684907997382154
2022-02-10,-0.003732109909088178
2022-02-11,-0.0031777022433471694
2022-02-14,-0.007984064964339831
2022-02-15,0.005689871573578797
2022-02-16,0.0006713523626191825
2022-02-17,-0.0029707296650425042
2022-02-18,-0.002830739888550737
2022-02-21,-0.0072751704342786105
2022-02-22,-0.0017329676253460386
2022-02-23,-0.0006696381617606995
2022-02-24,-0.0165855712893505
2022-02-25,0.01562672752246107
2022-02-28,0.0007738322023392314
2022-03-01,-0.006634780167404129
2022-03-02,0.0017349592152203768
2022-03-03,-0.009466715650427471
2022-03-04,-0.018093887452155566
2022-03-07,-0.010671178880099177
2022-03-08,-0.002804480756479256
2022-03-09,0.02575422576912564
2022-03-10,-0.014257209082220381
2022-03-11,0.004791480097660538
2022-03-14,0.003017589233418027
2022-03-15,0.0015963626132237565
2022-03-16,0.013585539525161528
2022-03-17,0.0037039220361636542
2022-03-18,0.005238448994187494
2022-03-21,-0.0013813919442390748
2022-03-22,0.004120870080639017
2022-03-23,-0.005651017978481177
2022-03-24,-0.0013578044594612097
2022-03-25,-0.0004331989189017563
2022-03-28,0.0010837335184855303
2022-03-29,0.00860475526037171
2022-03-30,-0.003898031285748916
2022-03-31,-0.0014261991349073123
2022-04-01,0.001607697790760487
2022-04-04,0.005397882428518153
2022-04-05,-0.0016938847080839826
2022-04-06,-0.007463581985868661
2022-04-07,-0.0024511411814266528
2022-04-08,0.00587598292450433
2022-04-11,-0.005167269922286711
2022-04-12,-0.0010421967649662852
2022-04-13,0.0004739425352451532
2022-04-14,0.0030210201786199597
2022-04-15,0.0
2022-04-18,0.0
2022-04-19,-0.005782362229836292
2022-04-20,0.005331035203307155
2022-04-21,-0.001023499642520121
2022-04-22,-0.01095331876402863
2022-04-25,-0.006562222300161125
2022-04-26,-0.004098167260599616
2022-04-27,0.002318994441369637
2022-04-28,0.0008855041892612638
2022-04-29,0.0029077380871150066
2022-05-02,-0.009166455987678556
2022-05-03,0.004862040040733927
2022-05-04,-0.007295252729586798
2022-05-05,-0.0037311479841216195
2022-05-06,-0.012330653580230057
2022-05-09,-0.01269422066012664
2022-05-10,0.006357874931078479
2022-05-11,0.009337678621955925
2022-05-12,0.0008720279227042243
2022-05-13,0.00956578430357162
2022-05-16,-0.0009675552292045196
2022-05-17,0.003214752465258638
2022-05-18,-0.005787802441178956
2022-05-19,-0.004897515278201657
2022-05-20,0.002624061559823409
2022-05-23,0.004872512958960671
2022-05-24,-0.003479301896473262
2022-05-25,0.0038349942093381826
2022-05-26,0.005303354811281069
2022-05-27,0.007419886364346705
2022-05-30,-0.00010690037523623149
2022-05-31,-0.006364729425793504
2022-06-01,-0.0064644933852292755
2022-06-02,0.000888512043264143
2022-06-03,-0.0025831559746106077
2022-06-06,0.003738614750793477
2022-06-07,-0.00024006890570664647
2022-06-08,-0.004707759004975488
2022-06-09,-0.011594002991086818
2022-06-10,-0.01772790001017931
2022-06-13,-0.017282172228104745
2022-06-14,-0.00976886210981235
2022-06-15,0.013275441224862386
2022-06-16,-0.013522786603910873
2022-06-17,0.0025379797206450134
2022-06-20,0.0032788569004871685
2022-06-21,0.0016106346744493624
2022-06-22,0.00020348056940210643
2022-06-23,0.0011304150454586807
2022-06-24,0.014284089059425829
2022-06-27,-0.0009283154624668464
2022-06-28,-0.0019326644872617385
2022-06-29,0.0027548881576415466
2022-06-30,-0.004566974247549678
2022-07-01,0.0064289466848224145
2022-07-04,-0.0023269661890282923
2022-07-05,-0.006205142763991574
2022-07-06,0.009933918267350772
2022-07-07,0.00576200824535614
2022-07-08,0.001722504094826271
2022-07-11,0.001250284856010588
2022-07-12,0.004733823580398223
2022-07-13,-0.006173507323966298
2022-07-14,-0.010731614002159906
2022-07-15,0.010819688326764032
2022-07-18,0.0026011621855744553
2022-07-19,0.0045789346027554
2022-07-20,-0.0011757027712296696
2022-07-21,0.0017121703652409385
2022-07-22,0.0075201866547355434
2022-07-25,0.001396285269517472
2022-07-26,-0.0009321662798340576
2022-07-27,0.003295572118553936
2022-07-28,0.010207525234169627
2022-07-29,0.006238702592653765
2022-08-01,0.0002108583892742829
2022-08-02,-0.0022516748789288667
2022-08-03,0.0007726002188977886
2022-08-04,0.0012643421889446563
2022-08-05,-0.006875569199347888
2022-08-08,0.005266479114373657
2022-08-09,-0.005136914844939111
2022-08-10,0.0060380122304554695
2022-08-11,0.0004956234357612486
2022-08-12,0.0002686177695131017
2022-08-15,0.003189535837264213
2022-08-16,-0.0013891910727216977
2022-08-17,-0.009228386180658368
2022-08-18,0.0017832842498138428
2022-08-19,-0.00723510816402755
2022-08-22,-0.007364448981510697
2022-08-23,-0.001813369002171183
2022-08-24,0.00022926025269549534
2022-08-25,0.003270807998619042
2022-08-26,-0.011465357525266097
2022-08-29,-0.004903500248920299
2022-08-30,-0.0073172022746405465
2022-08-31,-0.006979227540889954
2022-09-01,-0.009013869148689778
2022-09-02,0.012759601719488377
2022-09-05,-0.005645411416111324
2022-09-06,0.0006306797563439432
2022-09-07,-0.0013951949689143246
2022-09-08,8.296059981852512e-05
2022-09-09,0.008904688126061875
2022-09-12,0.009573262686394645
2022-09-13,-0.010860967128382283
2022-09-14,-0.003523948861890567
2022-09-15,-0.005373703744162118
2022-09-16,-0.00960189774659068
2022-09-19,-9.036565785192074e-05
2022-09-20,-0.011066922822485937
2022-09-21,0.007010335677830671
2022-09-22,-0.012615827229366593
2022-09-23,-0.012805001396095158
2022-09-26,-0.00410948953486834
2022-09-27,-0.0047679187289262695
2022-09-28,0.0042796073434196
2022-09-29,-0.010018699661680829
2022-09-30,0.009568527352352153
2022-10-03,0.007870681838497665
2022-10-04,0.01857473861316503
2022-10-05,-0.008577993766100269
2022-10-06,-0.005912968168675569
2022-10-07,-0.009021751475070039
2022-10-10,-0.0047618851068838355
2022-10-11,-0.0018652518163675294
2022-10-12,-0.004352450296373012
2022-10-13,0.005686553845294317
2022-10-14,0.00018643125774754296
2022-10-17,0.011084775446536166
2022-10-18,0.0007578575676756122
2022-10-19,-0.0033407952717857685
2022-10-20,0.0015557363349906312
2022-10-21,-0.0032098926980803407
2022-10-24,0.008887957260172254
2022-10-25,0.01114311896421235
2022-10-26,0.003435656367301509
2022-10-27,0.0025318286522471155
2022-10-28,-0.000821364212027799
2022-10-31,-0.0006043044487941121
2022-11-01,0.004839790478804262
2022-11-02,-0.0009534434193995803
2022-11-03,-0.0071747275827570125
2022-11-04,0.009849378521695328
2022-11-07,0.0007808549994363425
2022-11-08,0.005179284768383086
2022-11-09,-0.00041840149616021393
2022-11-10,0.019525455788195034
2022-11-11,-0.00040864777074272186
2022-11-14,0.0005226649663047315
2022-11-15,0.002983063999233237
2022-11-16,-0.0031808327304938874
2022-11-17,-0.0024595541417323672
2022-11-18,0.007152096587449518
2022-11-21,0.0008171552573663086
2022-11-22,0.003718573062689367
2022-11-23,0.004543408833609452
2022-11-24,0.0038180263190807136
2022-11-25,-0.002197420640649639
2022-11-28,-0.0028145239860547845
2022-11-29,0.0007716206720784215
2022-11-30,0.004315882236618129
2022-12-01,0.00870068639019571
2022-12-02,-0.0009137072823360074
2022-12-05,-0.003931258466154941
2022-12-06,-0.0007801436132240932
2022-12-07,-0.0025934217247491676
2022-12-08,-0.0025143837809992074
2022-12-09,0.002136667431840611
2022-12-12,-0.0027517899201924155
2022-12-13,0.007644495646148996
2022-12-14,0.00047201914795198493
2022-12-15,-0.020557147320730794
2022-12-16,-0.008340900264230566
2022-12-19,0.0008163528411379348
2022-12-20,-0.0038840212825015483
2022-12-21,0.009129539647389651
2022-12-22,-0.0056409528551778386
2022-12-23,0.0004545760547723706
2022-12-26,0.0
2022-12-27,0.0006947247811249993
2022-12-28,-0.0032279537852160857
2022-12-29,0.00620359318891539
2022-12-30,-0.0049140617185855825
2023-01-02,0.006220525139428235
2023-01-03,0.004206080784051758
2023-01-04,0.010078883001204696
2023-01-05,-0.0020807806120224036
2023-01-06,0.009223711314962479
2023-01-09,0.002922598836621026
2023-01-10,-0.004837359568654208
2023-01-11,0.004562775593925361
2023-01-12,0.004710755745050643
2023-01-13,0.002498843618572211
2023-01-16,0.003015853120599465
2023-01-17,0.005404879367563553
2023-01-18,0.0023199750991294683
2023-01-19,-0.009351347997495407
2023-01-20,-0.0006544423698626523
2023-01-23,0.0028729738636898428
2023-01-24,0.00034434622036635444
2023-01-25,-0.001301584193749805
2023-01-26,0.0013290753404533002
2023-01-27,0.0007876834961015099
2023-01-30,-0.003132248336102307
2023-01-31,-0.0004164174388483152
2023-02-01,-0.0004197293836411983
2023-02-02,0.01405129104678068
2023-02-03,-0.00043336008272414485
2023-02-06,-0.005984377560675403
2023-02-07,0.0001906767015171447
2023-02-08,-0.00045140503403726746
2023-02-09,0.004756804866375719
2023-02-10,-0.006934097502534231
2023-02-13,0.004270167769282406
2023-02-14,-0.0013240771128921532
2023-02-15,0.0020988182763839176
2023-02-16,0.0012572221137781784
2023-02-17,-0.000829380970131377
2023-02-20,0.00016692914976627036
2023-02-21,-0.003955164197914053
2023-02-22,-0.0008171084215192412
2023-02-23,0.0012749957562576914
2023-02-24,-0.008634222761944733
2023-02-27,0.005612530233483192
2023-02-28,-0.004090125617977936
2023-03-01,-0.005600543707094931
2023-03-02,0.00292955572440422
2023-03-03,0.00565761210189537
2023-03-06,-0.00010350654697894869
2023-03-07,-0.0039534189458042095
2023-03-08,0.0011666646490067214
2023-03-09,-0.00024088462685350987
2023-03-10,-0.004403099244649954
2023-03-13,-0.009095666711310244
2023-03-14,0.004087395327669027
2023-03-15,-0.010088998138632971
2023-03-16,0.0030234234269195894
2023-03-17,-0.00524711477206905
2023-03-20,0.0074677217943592625
2023-03-21,0.0071043238697125356
2023-03-22,-0.0005368478571401226
2023-03-23,0.0010711506767395527
2023-03-24,-0.005594947006841932
2023-03-27,0.0033544133639789794
2023-03-28,-0.0010536612247481485
2023-03-29,0.007290120256006715
2023-03-30,0.003338524249365214
2023-03-31,0.006924872420005591
2023-04-03,0.0014189836217101133
2023-04-04,-0.0012821532852946627
2023-04-05,0.002626923911399793
2023-04-06,0.002970585809611503
2023-04-07,0.0
2023-04-10,0.0
2023-04-11,-0.0004704283407484873
2023-04-12,-5.86371854209513e-05
2023-04-13,0.0025140938265265306
2023-04-14,0.0026721372850612487
2023-04-17,-0.0005837328019747791
2023-04-18,0.002402111185269084
2023-04-19,-0.0018089834645502064
2023-04-20,0.0008971304509516889
2023-04-21,0.0007729536419916917
2023-04-24,-0.00014147825712863523
2023-04-25,0.0005187452623188987
2023-04-26,-0.004954010973965738
2023-04-27,0.0003928395925148925
2023-04-28,0.0067208867803316575
2023-05-01,0.0
2023-05-02,-0.0049891067628650915
2023-05-03,0.0016440776487799626
2023-05-04,-0.0002686155485771887
2023-05-05,0.004744621840004836
2023-05-08,0.0019231895594243647
2023-05-09,-0.0033541707156155547
2023-05-10,-0.00129829740264843
2023-05-11,0.0019465466070529235
2023-05-12,0.0015853810270697877
2023-05-15,0.00022915831526219062
2023-05-16,-0.0034196311095395443
2023-05-17,-0.001116189498120534
2023-05-18,0.0016837269067277887
2023-05-19,0.004435656307806012
2023-05-22,-0.0008664856691225851
2023-05-23,-0.0035285692680667503
2023-05-24,-0.008802573390348022
2023-05-25,-0.0022615642337381232
2023-05-26,0.005639406723424178
2023-05-29,4.168725929494413e-05
2023-05-30,-0.001418268476137087
2023-05-31,-0.004324135797685035
2023-06-01,0.004692409169756995
2023-06-02,0.0067822192544498726
2023-06-05,-0.0038516542664934093
2023-06-06,0.0027569786726363453
2023-06-07,-0.0026900608554532024
2023-06-08,0.001181227406270535
2023-06-09,-0.00037322729774504895
2023-06-12,0.0012917096073044143
2023-06-13,0.0014740263212758566
2023-06-14,0.0014319150314029859
2023-06-15,-0.0023789518941714992
2023-06-16,0.003883563704437443
2023-06-19,-0.006407318321560362
2023-06-20,-0.0005466910412977757
2023-06-21,-0.0031392231778274654
2023-06-22,-0.004042345109283196
2023-06-23,0.0006317796562224426
2023-06-26,0.0007163520654270615
2023-06-27,-0.0014277993503528648
2023-06-28,0.005108645365955998
2023-06-29,-0.0016285174669684159
2023-06-30,0.007367871291857663
2023-07-03,-0.0022326803482544347
2023-07-04,0.00034516808073601333
2023-07-05,-0.004143654838357191
2023-07-06,-0.015387664397132393
2023-07-07,0.0014075091636799205
2023-07-10,0.0008194311020866424
2023-07-11,0.0038145403455779876
2023-07-12,0.010087567719732904
2023-07-13,0.004926863989902586
2023-07-14,-0.0006850833548279646
2023-07-17,-0.0030248972063637086
2023-07-18,0.0056227595605992005
2023-07-19,-0.00033177207419247175
2023-07-20,0.001807862279387173
2023-07-21,0.0021565103766870604
2023-07-24,0.0014448767660596
2023-07-25,0.0022754888497922396
2023-07-26,-0.004534281049418721
2023-07-27,0.008743391438281279
2023-07-28,-0.0008514425631501843
2023-07-31,0.00022151753886751052
2023-08-01,-0.006197244941482128
2023-08-02,-0.0053353273575593605
2023-08-03,-0.003579901936267993
2023-08-04,0.0015860767710213167
2023-08-07,0.0007527747431208654
2023-08-08,0.0004214496299119637
2023-08-09,0.0015034667189052105
2023-08-10,0.004039958825832501
2023-08-11,-0.007918032994292746
2023-08-14,0.0011102880496146716
2023-08-15,-0.00642212060792401
2023-08-16,0.00043208337445446184
2023-08-17,-0.00568559809709982
2023-08-18,-0.0010262730230206844
2023-08-21,-0.0010474147414118017
2023-08-22,0.004499319512613432
2023-08-23,0.004722351660002323
2023-08-24,-0.001744008073615366
2023-08-25,-0.0012772082325049124
2023-08-28,0.005487288668031986
2023-08-29,0.005376208308420483
2023-08-30,-0.0020600401541073683
2023-08-31,0.00047785545218841444
2023-09-01,-0.0006539724549646466
2023-09-04,-0.0010409252101439396
2023-09-05,-0.0019386033396073033
2023-09-06,-0.004235159824505664
2023-09-07,0.0009124822422674655
2023-09-08,0.0015274323733373788
2023-09-11,0.002042592133336718
2023-09-12,-0.0015354883740433258
2023-09-13,-0.001989944668466004
2023-09-14,0.009188701388928857
2023-09-15,0.00011264371596704189
2023-09-18,-0.006485635504934518
2023-09-19,-0.0005605360723381249
2023-09-20,0.00572727772579037
2023-09-21,-0.00815040006104989
2023-09-22,-0.001375373617677078
2023-09-25,-0.0031736548211199647
2023-09-26,-0.004219100699806489
2023-09-27,-0.0013782109886807396
2023-09-28,-4.55049681991628e-05
2023-09-29,0.004819729433861022
2023-10-02,-0.005898973203458847
2023-10-03,-0.006875857577661982
2023-10-04,-0.0006995893805463839
2023-10-05,0.0021251268318932207
2023-10-06,0.004488120934756523
2023-10-09,0.0006408865972781794
2023-10-10,0.01031213347268953
2023-10-11,0.0015731217414002678
2023-10-12,-0.0009571852803216289
2023-10-13,-0.003936942640092232
2023-10-16,0.0006194825573113989
2023-10-17,-0.002637624877042245
2023-10-18,-0.006399247712512665
2023-10-19,-0.005465738670243178
2023-10-20,-0.006483942322585764
2023-10-23,0.0003160392784875039
2023-10-24,0.003483382130498311
2023-10-25,-0.0005893763864166854
2023-10-26,-0.0015654458082189925
2023-10-27,-0.003964394799603891
2023-10-30,0.002780938339077465
2023-10-31,0.003388238800356854
2023-11-01,0.005184790730252414
2023-11-02,0.009580357974002756
2023-11-03,0.002054681643187174
2023-11-06,-0.0030521538932948723
2023-11-07,0.00011474308518966906
2023-11-08,0.0023266443241690845
2023-11-09,0.004681055835006808
2023-11-10,-0.006496567106050131
2023-11-13,0.003866038253843872
2023-11-14,0.009493270635389517
2023-11-15,0.001408055488574162
2023-11-16,-0.0020516955929416607
2023-11-17,0.0049295790510841256
2023-11-20,-0.0002894985877131704
2023-11-21,0.0009176117533075844
2023-11-22,0.001773435922278539
2023-11-23,0.0005869768713145321
2023-11-24,0.000880569667413696
2023-11-27,0.00027683014939494286
2023-11-28,4.412018896275205e-05
2023-11-29,0.0045658005393783025
2023-11-30,0.00293363112414233
2023-12-01,0.00805890883493188
2023-12-04,-0.00040395073544185534
2023-12-05,0.004265903596903789
2023-12-06,0.002740066174737023
2023-12-07,-0.0014433347374108916
2023-12-08,0.0025164270773375573
2023-12-11,0.0011291631875953738
2023-12-12,-0.00013325752485660605
2023-12-13,0.00211507570085944
2023-12-14,0.006105366499774206
2023-12-15,0.0028733254570867017
2023-12-18,-0.0031242941241813845
2023-12-19,0.003070345305210161
2023-12-20,0.0022839691401854365
2023-12-21,-0.0004353600430301403
2023-12-22,0.0011410499504422465
2023-12-25,0.0
2023-12-26,0.0
2023-12-27,0.0024265680278412723
2023-12-28,-0.0013777382107045522
2023-12-29,0.0010504468699692308
2024-01-01,0.0
2024-01-02,-0.003044866321629489
2024-01-03,-0.00504246999083753
2024-01-04,0.0021108504531785334
2024-01-05,-0.0020595479592510142
2024-01-08,0.0015509252359854951
2024-01-09,-0.002014541134064477
2024-01-10,-0.0009406317878580466
2024-01-11,-0.003917933495492201
2024-01-12,0.0060948923921363436
2024-01-15,-0.003867185457736698
2024-01-16,-0.0007356359646970478
2024-01-17,-0.0072736760726338084
2024-01-18,0.002587402150389863
2024-01-19,-0.0008787047368004712
2024-01-22,0.0042591011486011
2024-01-23,-0.0023253485144441328
2024-01-24,0.004905339164877029
2024-01-25,0.003207006516487097
2024-01-26,0.0043728888280373706
2024-01-29,0.002670511402225269
2024-01-30,-0.0011757603534209749
2024-01-31,0.0031858451450651874
2024-02-01,-0.001026136035884013
2024-02-02,-0.0027182565519395423
2024-02-05,-0.0022411330063333997
2024-02-06,0.0027697922162131356
2024-02-07,-0.0018192670320847865
2024-02-08,-0.00173465286970057
2024-02-09,-0.0007571958950969896
2024-02-12,0.0028423417357276272
2024-02-13,-0.004547573642028575
2024-02-14,0.003679313418310102
2024-02-15,0.0023391016983524368
2024-02-16,0.0011687105896040263
2024-02-19,0.0006070245135810761
2024-02-20,0.0007361327555781383
2024-02-21,-0.0021529200388587678
2024-02-22,0.0037543441077336243
2024-02-23,0.003467404830788271
2024-02-26,-0.003529185541120623
2024-02-27,-2.5253870257910802e-05
2024-02-28,-0.0017929730689608462
2024-02-29,0.001978526615014845
2024-03-01,0.0019930045302739828
2024-03-04,0.000549537463698512
2024-03-05,0.0012760698883036519
2024-03-06,0.0014723759207126864
2024-03-07,0.0056975360701992635
2024-03-08,0.0013777654263437543
2024-03-11,-0.0018726654792517881
2024-03-12,0.003262537976381002
2024-03-13,0.0009548536993477085
2024-03-14,-0.0022337005567865283
2024-03-15,-0.0016543694444395981
2024-03-18,-0.0013130074191363102
2024-03-19,0.0012351500967844944
2024-03-20,-6.0982072329622706e-05
2024-03-21,0.005206747140919295
2024-03-22,0.0017937257617479405
2024-03-25,-0.0012441700529245698
2024-03-26,0.0014354282293348765
2024-03-27,0.00257344281789794
2024-03-28,0.0015227442500772349
2024-03-29,0.0
2024-04-01,0.0
2024-04-02,-0.005224991847006515
2024-04-03,0.0015960812466411008
2024-04-04,0.0020944163818556348
2024-04-05,-0.004712918859595903
2024-04-08,0.0011266231102456939
2024-04-09,-0.0013503572597138628
2024-04-10,-0.0009427106793568287
2024-04-11,-0.0028688558026636274
2024-04-12,0.003343930189552968
2024-04-15,-0.0015931959919410102
2024-04-16,-0.008623444698420865
2024-04-17,0.0007819148587651758
2024-04-18,0.0012065403876064802
2024-04-19,-0.0010240561053328487
2024-04-22,0.0050369450622116604
2024-04-23,0.005331109293556356
2024-04-24,-0.0037429326123616484
2024-04-25,-0.003919179891085299
2024-04-26,0.007131302951603867
2024-04-29,0.0014349664807409735
2024-04-30,-0.004108049546500413
2024-05-01,-0.0002224064413225424
2024-05-02,-0.0005705398404389542
2024-05-03,0.00414704591267827
2024-05-06,0.0030937503929666646
2024-05-07,0.006440812915447179
2024-05-08,0.0007973781185154566
2024-05-09,0.001331395449367178
2024-05-10,0.0025784268733082248
2024-05-13,0.0005244828395607915
2024-05-14,-0.00022438206208923476
2024-05-15,0.005887161456309452
2024-05-16,-0.0005024827065837957
2024-05-17,-0.0033394477523994042
2024-05-20,0.0018362090407942227
2024-05-21,-0.0008057269671241981
2024-05-22,-0.002142610819449175
2024-05-23,-0.0011085699478779578
2024-05-24,-0.0004294943680544169
2024-05-27,0.0018886930038870535
2024-05-28,-0.0029415502451778145
2024-05-29,-0.006027298939058022
2024-05-30,0.003382976473336251
2024-05-31,0.002106734156472289
2024-06-03,0.0030174554960697314
2024-06-04,-0.0014800941129428304
2024-06-05,0.005431707707183729
2024-06-06,0.0019173245912950544
2024-06-07,-0.0026367623636317722
2024-06-10,-0.0026979420209931153
2024-06-11,-0.003109447459272484
2024-06-12,0.007065961033039357
2024-06-13,-0.004703856902363922
2024-06-14,-0.003961476593045308
2024-06-17,-0.0010288741183434925
2024-06-18,0.004362717433979689
2024-06-19,-9.072290794180909e-05
2024-06-20,0.0036450684362919084
2024-06-21,-0.003541194495182441
2024-06-24,0.003648293193212536
2024-06-25,-0.00042821392511880295
2024-06-26,-0.003334664831859756
2024-06-27,-0.0021358703402832185
2024-06-28,-0.0005171606718751495
2024-07-01,0.00022395080284371956
2024-07-02,-0.0012672539906584345
2024-07-03,0.004520213615282275
2024-07-04,0.002722397451704128
2024-07-05,0.00018364428476136407
2024-07-08,3.6192830038750618e-06
2024-07-09,-0.004910145306319235
2024-07-10,0.005030922094394641
2024-07-11,0.004239807786350868
2024-07-12,0.003586940178884301
2024-07-15,-0.004052359279880346
2024-07-16,-0.0011386284715936945
2024-07-17,-0.0021737167243260245
2024-07-18,-0.000759207845019949
2024-07-19,-0.005106098002631221
2024-07-22,0.00444066745577818
2024-07-23,0.0023011055173112415
2024-07-24,-0.002935827372774291
2024-07-25,-0.0025892636834187184
2024-07-26,0.004260667962102271
2024-07-29,-0.0001486400924288532
2024-07-30,0.002456442661465652
2024-07-31,0.004381530982965276
2024-08-01,-0.005236924488677296
2024-08-02,-0.011174137555186413
2024-08-05,-0.01247255667889182
2024-08-06,0.0023724563945714205
2024-08-07,0.006999913206622365
2024-08-08,0.0009673110805214379
2024-08-09,0.0035401187838384417
2024-08-12,-0.0009821109676676043
2024-08-13,0.0034101604894408717
2024-08-14,0.0026553445558884056
2024-08-15,0.004821756122152054
2024-08-16,0.0013017486826897738
2024-08-19,0.003780605538277326
2024-08-20,-0.0016716014335468096
2024-08-21,0.0018186405058753907
2024-08-22,0.0010278295573636685
2024-08-23,0.0025826622089037297
2024-08-26,-7.77323056493362e-05
2024-08-27,6.577945730392712e-05
2024-08-28,0.0018862783143343885
2024-08-29,0.003756251830757695
2024-08-30,-0.0005889966097092803
2024-09-02,-0.0007556604388150757
2024-09-03,-0.0032201127279613212
2024-09-04,-0.0031837228650934742
2024-09-05,-0.0025110701223410854
2024-09-06,-0.0034225162159704945
2024-09-09,0.004234655906578144
2024-09-10,-0.0026373992472987994
2024-09-11,0.0005583903655744571
2024-09-12,0.002803515084307273
2024-09-13,0.004475861172560735
2024-09-16,-0.00032786805946563016
2024-09-17,0.0016668569604809445
2024-09-18,-0.0037188621796625295
2024-09-19,0.00804540526408175
2024-09-20,-0.007884813502356702
2024-09-23,0.0035716117584480007
2024-09-24,0.0041968679098046465
2024-09-25,-0.0018055054082747324
2024-09-26,0.004624253751541864
2024-09-27,0.0028288745236008726
2024-09-30,-0.0025501330353730643
2024-10-01,0.0011352756463834678
2024-10-02,-0.0006862736921407267
2024-10-03,-0.00327861797530669
2024-10-04,-0.0005563493400537165
2024-10-07,-0.00021036950088250417
2024-10-08,-0.0024904345086488077
2024-10-09,0.0017096004529680718
2024-10-10,0.0001926092879289556
2024-10-11,0.0013449430679837392
2024-10-14,0.0017742917528165674
2024-10-15,-0.0008066272171354475
2024-10-16,0.0005925087667536606
2024-10-17,0.003197592184353022
2024-10-18,0.002288776461760814
2024-10-21,-0.005372331720631273
2024-10-22,-0.0016542399225602522
2024-10-23,-0.00018424258358595814
2024-10-24,0.0019360965679189593
2024-10-25,-0.0010723897916094165
2024-10-28,0.001191315276093466
2024-10-29,-0.0029141395724850082
2024-10-30,-0.006645548718803224
2024-10-31,-0.003609136953603383
2024-11-01,0.002979059096378221
2024-11-04,-0.0004475221237467829
2024-11-05,-0.0004968974434093744
2024-11-06,0.001074008154037413
2024-11-07,0.00019223701749137212
2024-11-08,-0.00010174054935713174
2024-11-11,0.005635127244802244
2024-11-12,-0.006558472131342917
2024-11-13,-0.0011523264843299216
2024-11-14,0.0049830962748169064
2024-11-15,-0.0033140060592485657
2024-11-18,-0.00020240790420127238
2024-11-19,-0.0011203846332961795
2024-11-20,-0.000754202792000801
2024-11-21,0.002254344840170068
2024-11-22,0.005740346829288169
2024-11-25,0.0008875150590553605
2024-11-26,-0.0014423003969757826
2024-11-27,0.0004455590596989383
2024-11-28,0.003244994319304952
2024-11-29,0.0033933745563847536
2024-12-02,0.003928770776679185
2024-12-03,0.0008377562465699991
2024-12-04,0.0013974588560313993
2024-12-05,0.0001703808001646145
2024-12-06,0.0012002867683894355
2024-12-09,0.0005806431315998142
2024-12-10,-0.0013798433688363544
2024-12-11,0.0004540923127573375
2024-12-12,-0.0024967010416627198
2024-12-13,-0.003269619308628442
2024-12-16,-0.00026921998246758327
2024-12-17,-0.0005384029793796931
2024-12-18,-0.00029656495235646244
2024-12-19,-0.006415407446427321
2024-12-20,-0.001522188276234217
2024-12-23,-0.0005015493195906472
2024-12-24,0.0002404655459227184
2024-12-25,0.0
2024-12-26,0.0
2024-12-27,0.0014399847704723665
2024-12-30,-0.0010598505270666746
2024-12-31,0.0003850597032820637
2025-01-01,0.0
2025-01-02,0.004734226793228285
2025-01-03,-0.005014921364547116
2025-01-06,0.002908205463867815
2025-01-07,0.00054675998284697
2025-01-08,-0.0015742089865679234
2025-01-09,0.00148702308464922
2025-01-10,-0.004384850982590236
2025-01-13,-0.0022819325861589772
2025-01-14,-0.0014045893501659602
2025-01-15,0.00770976049615627
2025-01-16,0.0019054654640847522
2025-01-17,0.0029591780150462128
2025-01-20,0.0005910723623767606
2025-01-21,0.0018873282613334154
2025-01-22,0.0014556537684299405
2025-01-23,0.0006098240543975244
2025-01-24,-0.0011461860326250838
2025-01-27,0.001806492434415476
2025-01-28,0.00021638360109428774
2025-01-29,0.001736946405984555
2025-01-30,0.0053522129887973
2025-01-31,0.003204106366529863
2025-02-03,-0.0012962626121882283
2025-02-04,0.0013521866322178042
2025-02-05,0.002125827932591864
2025-02-06,0.0043436984271153275
2025-02-07,-0.0019229840129376787
2025-02-10,0.0028502352480687214
2025-02-11,-0.00121200431736769
2025-02-12,-0.0013179837214401702
2025-02-13,0.006937339803125761
2025-02-14,-0.0015551874616169322
2025-02-17,0.0006323376197575551
2025-02-18,0.0013170880837047425
2025-02-19,-0.004999423799861938
2025-02-20,0.0003734240366239567
2025-02-21,0.0037951992372425507
2025-02-24,-0.0005145806720848438
2025-02-25,0.0001784373401673918
2025-02-26,0.005407153988970097
2025-02-27,-0.0012574503641924464
2025-02-28,0.00020610451380120468
2025-03-03,0.002210889536712698
2025-03-04,-0.006698512752384042
2025-03-05,-0.005301426305524147
2025-03-06,-0.002750659680008205
2025-03-07,0.0010998295473207784
2025-03-10,-0.004684012628307808
2025-03-11,-0.006974107322639775
2025-03-12,0.0023621264823946502
2025-03-13,-0.0012480934430042006
2025-03-14,0.005152888821527172
2025-03-17,0.0039197628898299045
2025-03-18,0.0013520126549076837
2025-03-19,0.0008408033261118286
2025-03-20,-0.000995982685035786
2025-03-21,-0.0020069602796740776
2025-03-24,6.107879063827658e-06
2025-03-25,0.002907521701650325
2025-03-26,-0.0032858945482239655
2025-03-27,-0.0010157530840478872
2025-03-28,-0.0021717598680256293
2025-03-31,-0.007443063042954424
2025-04-01,0.00619226968815785
2025-04-02,-0.0035417675615387937
2025-04-03,-0.011291232498895508
2025-04-04,-0.023047291118745924
2025-04-07,-0.023405330243401475
2025-04-08,0.014380055651533616
2025-04-09,-0.017515565529106804
2025-04-10,0.017305942890815024
2025-04-11,0.003013187478580284
2025-04-14,0.013037416834438216
2025-04-15,0.007527497782653313
2025-04-16,-0.0011091652334076641
2025-04-17,0.0004252557093962614
2025-04-18,0.0
2025-04-21,0.0
2025-04-22,0.004635902626699547
2025-04-23,0.005361028584201282
2025-04-24,0.005760487772542704
2025-04-25,-0.0002641840066427022
2025-04-28,0.0012757145524348883
2025-04-29,0.0015437628180068753
2025-04-30,0.0031844636028623167
2025-05-01,-0.0007632132754549215
2025-05-02,0.007815786986295627
2025-05-05,0.0022709037105553887
2025-05-06,-0.002040890192406404
2025-05-07,-0.001448853926934398
2025-05-08,0.0027817383220181667
2025-05-09,0.0011273810459196522
2025-05-12,0.004586083181588699
2025-05-13,-8.939647049684501e-05
2025-05-14,-0.0015991325248195026
2025-05-15,0.004777109352276041
2025-05-16,0.0030838982317758774
2025-05-19,0.0009978547893613574
2025-05-20,0.00377552279331179
2025-05-21,-0.0014360583915775
2025-05-22,-0.002864823756850225
2025-05-23,-0.0023007831796383856
2025-05-26,0.005431666996613667
2025-05-27,0.001655920077169144
2025-05-28,-0.0032883056096350764
2025-05-29,0.000747228870920352
2025-05-30,0.0006901353340851147
2025-06-02,-0.00025392175567781725
2025-06-03,0.000683780837456634
2025-06-04,0.0020513693597978932
2025-06-05,-0.0006157865070112165
2025-06-06,0.0021442971541275136
2025-06-09,-9.447950844342469e-05
2025-06-10,0.0010448390404688914
2025-06-11,-0.0013746725102096171
2025-06-12,-0.0008085600919178352
2025-06-13,-0.005324927756361802
2025-06-16,0.0020550137679027493
2025-06-17,-0.0037835213472170543
2025-06-18,-0.00044790410795720215
2025-06-19,-0.0036519541444889757
2025-06-20,0.0019080135101548004
2025-06-23,-0.0010748661351950154
2025-06-24,0.0032793101691860273
2025-06-25,-0.0021962834257245128
2025-06-26,0.0006462001427411072
2025-06-27,0.0034788151670107565
2025-06-30,-0.001567014148137182
2025-07-01,0.00011995513802513195
2025-07-02,5.916044030575729e-05
2025-07-03,0.002850345099242018
2025-07-04,-0.0010105115527399794
2025-07-07,0.0003600124084523434
2025-07-08,0.0003862242178970734
2025-07-09,0.0026684298998680277
2025-07-10,0.000623888779116605
2025-07-11,-0.004118584340068519
2025-07-14,4.34359829100693e-05
2025-07-15,-0.0005952483104683023
2025-07-16,-0.0011910970185585472
2025-07-17,-0.00025260651974662394
2025-07-18,-0.0005280650684098837
2025-07-21,0.0021545503112194806
2025-07-22,-0.0004690007443411081
2025-07-23,0.003333383571860969
2025-07-24,-0.002615522724029251
2025-07-25,-0.0011959360121220608
2025-07-28,0.0008810799696565308
2025-07-29,0.0007253808048367603
2025-07-30,-0.0008972091712283944
2025-07-31,-0.0016966164628116334
2025-08-01,-0.007159677402237957
2025-08-04,0.005957520407477931
2025-08-05,0.0006737111492287757
2025-08-06,-0.0007261834450252951
2025-08-07,0.0034281304724163644
2025-08-08,-0.0010567903817829622
2025-08-11,-0.00028885335946638693
2025-08-12,-0.0003571710575815
2025-08-13,0.00397549580325506
2025-08-14,0.0018198276430576134
2025-08-15,-0.0022706099088354225
2025-08-18,0.0003373800540261298
2025-08-19,0.0027622906928398993
2025-08-20,0.0012712103272457336
2025-08-21,-0.0012318816913268254
2025-08-22,0.0026104517433543826
2025-08-25,-0.0026767198171342246
2025-08-26,-0.0017318424038042196
2025-08-27,0.0007868417481319008
2025-08-28,-0.0001319767164258369
2025-08-29,-0.003121269692700146
2025-09-01,0.0005345792660539272
2025-09-02,-0.006655213636741883
2025-09-03,0.004140532716336548
2025-09-04,0.002793794224008561
2025-09-05,0.002125284985523247
2025-09-08,0.0021131113031758386
2025-09-09,-0.0003621100293545568
2025-09-10,0.0005281376411344631
2025-09-11,0.0013137495057884757
2025-09-12,-0.0020240013327795987
2025-09-15,0.00218221527611345
2025-09-16,-0.0035090599513401283
2025-09-17,0.00015687353882148754
2025-09-18,0.0025504884364930167
2025-09-19,-0.0012508769280328725
2025-09-22,-0.00042277488716060084
2025-09-23,0.0007034287165844161
2025-09-24,-0.0008785787978673662
2025-09-25,-0.0028115075148045913
2025-09-26,0.003608666942160723
2025-09-29,0.0013478014837574413
2025-09-30,0.001220582943566792
2025-10-01,0.003915464619877607
2025-10-02,0.0029430640081879404
2025-10-03,0.0016229938004477863
2025-10-06,-0.000773691083519482
2025-10-07,-0.0004920454911403778
2025-10-08,0.003557765537523569
2025-10-09,-0.002028463648673273
2025-10-10,-0.0026017108369095158
2025-10-13,0.0016101545373638864
2025-10-14,0.00045566373927095183
2025-10-15,0.0033527293120767937
2025-10-16,0.002472267835339984
2025-10-17,-0.0038239006237305905
2025-10-20,0.0033646260620274664
2025-10-21,0.0015244515214580224
2025-10-22,-0.0011672269229999039
2025-10-23,0.0008679047834578931
2025-10-24,-0.0007636605277913033
2025-10-27,0.0016365265387481933
2025-10-28,-0.0006889655983919364
2025-10-29,0.00012724390534792846
2025-10-30,-0.0011692997150621783
2025-10-31,-0.0009406822756118393
2025-11-03,-0.0013208168627453411
2025-11-04,-0.0003677992314338158
2025-11-05,0.00033761950956783605
2025-11-06,-0.0024291304391494007
2025-11-07,-0.0019507138110035145
2025-11-10,0.006526113105730858
2025-11-11,0.002759173291295163
2025-11-12,0.002953284397341186
2025-11-13,-0.0035469878794268774
2025-11-14,-0.00343051187210703
2025-11-17,-0.0014226045459879999
2025-11-18,-0.006206367813473845
2025-11-19,0.0005471799348349539
2025-11-20,0.0008338135583455847
2025-11-21,-0.0003993497263686759
2025-11-24,0.0006368257065783819
2025-11-25,0.0033642511417471474
2025-11-26,0.003719831072324566
2025-11-27,0.0005903082591467928
2025-11-28,0.000869816200104374
2025-12-01,-0.0024758042043389874
2025-12-02,0.0003814892061934415
2025-12-03,0.0011163565571274802
2025-12-04,0.0010943216498533962
2025-12-05,-0.0006840897424687208
2025-12-08,-0.002945286207141389
2025-12-09,0.00015200253471528698
2025-12-10,-8.372355843297803e-05
