,core_ret,sat_pocket_ret,portfolio_ret
2021-01-04,0.0055825893990104625,0.004001767071149964,0.005187383817045338
2021-01-05,-0.002414473027211983,0.0021052943850236546,-0.0012858639385753524
2021-01-06,0.007627259298736755,0.00029353491359729035,0.005789772613897118
2021-01-07,0.003998029038060791,-0.0028409422304466483,0.0022938679592698612
2021-01-08,-0.0015726476310730098,-0.0017723972920276048,-0.0016221670202603115
2021-01-11,-0.003869026109714402,-0.004444129534527626,-0.004011576964896237
2021-01-12,-0.0026754987873310876,0.001003185538622456,-0.001764059505304046
2021-01-13,0.002454469585945418,-0.0008943945359632536,0.0016224472132246016
2021-01-14,0.0004824403461238802,-0.0018042164567436023,-8.42499971368902e-05
2021-01-15,-0.0039551355943237,0.0014448816998883214,-0.0026191791566806547
2021-01-18,0.0030668856283364576,-0.0017708915736928989,0.001865149691650869
2021-01-19,-0.0005095882005988761,0.0001404726761321954,-0.00034869482101479844
2021-01-20,0.0016342140176326403,0.001482791956668494,0.0015967179466414344
2021-01-21,-0.0020175764195734525,0.001827344136058342,-0.0010655816129241274
2021-01-22,0.0005339569922768739,-0.0011716091947859796,0.00011043917062746647
2021-01-25,-0.007889955393084347,-0.0008363672420082819,-0.006140688290455033
2021-01-26,0.003813808778915684,0.000251207166548186,0.0029255796778832506
2021-01-27,-0.0041221874606527376,-0.0010136177675942105,-0.003349224431134203
2021-01-28,0.004419920308844416,-0.0003835883659518886,0.003222702269094642
2021-01-29,-0.006964563257361278,-0.0008022331634407122,-0.0054341960277742175
2021-02-01,0.004105512081120644,-0.004871860974684523,0.0018656674003224888
2021-02-02,0.006049872101836273,-0.0003656907997276896,0.004459960746486874
2021-02-03,0.0026570827202689884,-0.00015108492955072703,0.0019645031136669437
2021-02-04,-0.000683671280731768,-0.0022202596649881935,-0.0010618405697095483
2021-02-05,0.0019798985287982074,-9.65009484674849e-05,0.0014694691066697329
2021-02-08,0.0043047558212483406,-0.0008469614019257036,0.0030403188668050407
2021-02-09,-0.0026899441142108627,0.004975377700793241,-0.0008158595701535098
2021-02-10,-0.0008902456424119132,-0.0010857350099465208,-0.000938317601044136
2021-02-11,0.003735736145305646,0.0009948306167578685,0.0030618311816689257
2021-02-12,-0.0010470312620737277,-0.002849374816786026,-0.0014892593223463956
2021-02-15,0.0037007789947633984,2.7157074948669955e-05,0.002800636632182303
2021-02-16,-0.0020828481957433365,0.0008719207571867241,-0.0013608477539749546
2021-02-17,-0.004738653944357685,-0.0031233173884212075,-0.004343062514597103
2021-02-18,-0.010491671200850039,-0.002303570101020951,-0.008483971460762199
2021-02-19,0.004305911462780143,-0.002549322157498347,0.002614549711794626
2021-02-22,-0.004529897646700531,0.0027585429767329173,-0.0027409143218736177
2021-02-23,-0.003847800113092825,0.0002729350417850682,-0.0028307678173785395
2021-02-24,0.0025873233263180584,-0.0010203516753657545,0.0016941472198366808
2021-02-25,0.004501879845912216,-0.0002532807218892964,0.0033278033866529777
2021-02-26,-0.0051527718228037145,-0.0019196162429088311,-0.004357336380790993
2021-03-01,0.005953769643126217,-0.0027661344404334093,0.0038032071644192762
2021-03-02,7.324703403610577e-05,-0.0010450567516572772,-0.00020075172200760896
2021-03-03,-0.002511567748236465,-0.00035631657672375916,-0.001983949533259381
2021-03-04,-0.002392501732584207,-0.0019970176986362303,-0.002295527009962362
2021-03-05,-0.004780228984973878,-0.000925141363903541,-0.0038346588129163422
2021-03-08,0.007282109074667753,-0.0008475437381088216,0.005282255898658709
2021-03-09,0.0003829617956065956,0.0024028561529115954,0.0008768157237844117
2021-03-10,0.0018760579733316796,0.0007599295392923826,0.0016027541578004076
2021-03-11,0.005492618437793251,0.0004895296365101743,0.0042685544198152355
2021-03-12,-0.00011633250794662597,-0.0016604907565261494,-0.000492707197077156
2021-03-15,0.0004617014564640698,0.0008731311044778527,0.0005618665681645757
2021-03-16,0.0015206813679897735,0.0013764003570153926,0.0014855443293842001
2021-03-17,-0.0015033388644375423,-2.9761187706867314e-06,-0.0011379923922250046
2021-03-18,0.0001635457861060008,0.0009323574843606554,0.00035096833585077005
2021-03-19,-0.0020474811037233254,0.001774558811182045,-0.0011151945739573512
2021-03-22,0.00036603026921278037,-0.00264295802300989,-0.00037005695532935014
2021-03-23,0.001154230024617675,0.0012244129735074255,0.0011713598050490533
2021-03-24,0.0008892495372312403,0.002154275277182832,0.0011980248424129005
2021-03-25,-0.006056327886104107,-0.0008139298716232575,-0.004775508810221
2021-03-26,0.004368896950678991,-0.00038777020228804906,0.0032021252813454436
2021-03-29,-0.00018628953230381828,0.00032527636070322347,-6.125562256997135e-05
2021-03-30,0.00490911373682934,-0.0009868899627496382,0.0034674903341919607
2021-03-31,-0.002580628139602803,-0.0007032172645530146,-0.0021236227876131174
2021-04-01,0.005681709286408543,0.002867183349560933,0.004995613172261664
2021-04-06,0.004926061513741864,0.0007618324519914621,0.0038850042483042635
2021-04-07,0.00550211318734295,0.004804265044797781,0.005328193917966658
2021-04-08,0.0023206492363023745,0.0005639723186116265,0.0018830744616854297
2021-04-09,-0.0008999355223160421,0.0018419828660224198,-0.00021784387978495193
2021-04-12,-0.0006660430736467049,0.00039815067047403496,-0.0004007641470399045
2021-04-13,0.0004934117869670462,-0.00045438859392647426,0.00025695820703299486
2021-04-14,-0.00032365671501799476,-0.000623084880119861,-0.00039830377358579956
2021-04-15,0.001170018122592431,0.0028401721259033764,0.0015862917505745848
2021-04-16,-0.0001348096659676834,0.0006394641245966999,5.8413987077107846e-05
2021-04-19,-0.001066284966146247,0.0051698949529327114,0.000490887175191014
2021-04-20,-0.0009447152248278634,-0.002841773902156856,-0.001420625507747855
2021-04-21,0.0003442234614521311,-0.0010847834458343323,-1.3757670804849477e-05
2021-04-22,0.0017368819306571304,0.005047350411646346,0.002565300586139633
2021-04-23,9.183936323475805e-05,-0.00011744425538328982,3.933813028375383e-05
2021-04-26,0.0007028976558258737,-0.002524383448885737,-0.00010657646653012762
2021-04-27,-0.0005733158939604799,-0.00019509757139952585,-0.00047867968933855475
2021-04-28,2.3494392171974354e-05,-0.003720522112922359,-0.0009135835274855373
2021-04-29,-0.0008746742146945596,0.00022184768088493793,-0.0006010003101204509
2021-04-30,0.000983626317025088,-0.0009365494173244188,0.0005039873229482569
2021-05-03,0.0,2.4708388277464716e-05,6.163000048566948e-06
2021-05-04,-0.0012505089738304997,0.0012982022521351468,-0.0006147735087426067
2021-05-05,0.001159634805465437,-0.003010988183540399,0.00011734797149256225
2021-05-06,0.00045016305658052147,0.0031138339654559516,0.001113762935192174
2021-05-07,0.0007832784191110775,0.003017607674199585,0.001341028561919516
2021-05-10,-0.0006321621701013136,0.001303039340891014,-0.00014827371733236092
2021-05-11,-0.0025514833698929706,-0.0005544549140693606,-0.0020514105492955865
2021-05-12,-0.0016789748134521387,0.0007491019099905457,-0.0010700518235043218
2021-05-13,-0.00029627340996063456,0.0,-0.00022183744598551632
2021-05-14,0.0018729461057034325,-0.0005328610084177066,0.001268375122268507
2021-05-17,-0.00041671797963949153,0.002458935224025565,0.00030462369706573056
2021-05-18,-4.1615103858916314e-05,0.0019307254092165156,0.0004542011107705685
2021-05-19,-0.0010635804197562937,-0.0003942954314916773,-0.0008950841088843688
2021-05-20,0.0007692754343899821,5.653441628411271e-05,0.0005897488799674837
2021-05-21,0.000687617048452438,0.0009074288966384815,0.0007429541672417878
2021-05-24,0.001114630358575841,0.00041538610859974856,0.0009385683222019935
2021-05-25,0.0012500165933924112,0.001183636842849251,0.0012333116360303295
2021-05-26,0.00015624342196951524,0.0034778232812730362,0.000992102197692554
2021-05-27,-0.00027859317303524644,-0.0010921586483450497,-0.000483831207425543
2021-05-28,0.0011087112911383201,-0.0011762124018061659,0.0005326447710201456
2021-05-31,0.0,0.003981314748006746,0.001002040006126044
2021-06-01,0.00072581988826248,0.0010730289056610288,0.0008134675252098034
2021-06-02,0.0005613687346381901,-0.0012725246781258607,9.831016460535582e-05
2021-06-03,-0.00028399699134140644,0.00018946183170966282,-0.00016461237885309662
2021-06-04,0.0008801899466472918,-0.0016995784577837798,0.00022946024503718685
2021-06-07,0.0007376270870447232,0.001338941814309052,0.0008890122677899985
2021-06-08,0.0005671749466997777,0.0019582157778504986,0.0009175366149538552
2021-06-09,0.000758292222867496,0.0010326532648499912,0.000827467429242894
2021-06-10,-0.0004901378267793133,0.00029242277637402434,-0.00029278878211595104
2021-06-11,0.0008292381895653733,0.0019237865959082874,0.0011054270609544567
2021-06-14,0.000255596668317537,-0.00302070810109735,-0.0005717935228789589
2021-06-15,-0.0005562570838911762,0.0012432580073317402,-0.00010292536960881114
2021-06-16,6.724924762258055e-05,5.2996241514904896e-05,6.365381307053589e-05
2021-06-17,-0.002479022441491008,-0.003392958026661126,-0.0027095675305715654
2021-06-18,-0.0008170693110800542,-0.0019724229555570967,-0.001108313672275005
2021-06-21,-0.0007932429430023147,-0.0008674865788733066,-0.0008119422693981792
2021-06-22,-0.00029304172347821567,0.0005536418263782315,-7.980416106563522e-05
2021-06-23,-6.364981872186704e-05,6.985558785595001e-05,-3.0005132835667296e-05
2021-06-24,0.000804761897619688,-0.0010590827212228022,0.0003350076708073993
2021-06-25,-5.6423136149508224e-05,0.0011634797194977314,0.00025060669600269277
2021-06-28,-0.00018549533412226538,-0.0010329384309105327,-0.00039897772066400835
2021-06-29,0.0006673548288502751,7.543321695820843e-05,0.0005183363324895282
2021-06-30,-0.0003271390641964578,-0.0010515798797144124,-0.0005094390343139489
2021-07-01,0.0010800315471080069,0.0013233207448249287,0.0011412201983371246
2021-07-02,0.0007612089577351266,0.0024767398043854527,0.0011900916693977082
2021-07-05,-0.00023523754481824533,-0.0002931436038916922,-0.0002497326636268216
2021-07-06,0.0007826425019719085,0.002435208854055256,0.0011962970635849314
2021-07-07,0.0011733750195699333,0.0005422088579867183,0.0010151920600525405
2021-07-08,-0.0015590534057638994,0.002014594420509643,-0.0006638484308788722
2021-07-09,0.0006837559533081627,-0.0036527988455362977,-0.0004054701047230061
2021-07-12,0.0009259147362083997,0.00027850831389943673,0.0007638319022719076
2021-07-13,-0.0007683914303989736,0.0009128060722085287,-0.00034769571318433117
2021-07-14,9.483377299801532e-05,0.0016193702592977287,0.00047680834390274326
2021-07-15,-0.003002550339265553,0.0014201334225345116,-0.0018931757735789045
2021-07-16,0.0008417117915913153,-0.001284309207755745,0.00030665588658984833
2021-07-19,-0.0021146161600609226,-0.0011520552841189958,-0.0018727536634395529
2021-07-20,0.0023531335857744917,-0.0004623298208019287,0.0016451817983429322
2021-07-21,0.002115694945022284,0.0008836239050050415,0.001806540991237804
2021-07-22,0.0005300774015459808,-0.0006463879979384308,0.00023514809141112858
2021-07-23,0.0022373817760603654,-0.0005395550386981052,0.0015418421953416984
2021-07-26,-2.438408899652078e-05,0.0021898411054461957,0.0005290605083412077
2021-07-27,-0.0014962316416047283,-0.0007796686994804721,-0.0013168297584714936
2021-07-28,0.0020416649163637057,-8.010437360575438e-05,0.0015101636016136909
2021-07-29,0.0003201441982958464,0.0015756112259342492,0.0006341381943808118
2021-07-30,-0.00025198166392137455,0.0023225704868166685,0.00039252312901558997
2021-08-02,0.002220886568810032,-0.0027498210616187335,0.0009741354973867964
2021-08-03,-0.0007165593201039488,0.0010924979115472418,-0.0002645003363063458
2021-08-04,0.0010554682009547012,-0.00021067157248075603,0.0007386475057956452
2021-08-05,0.0007386355205543094,0.0008004410755203708,0.0007540861873277169
2021-08-06,-0.0016309462992498691,-0.0010784941603554934,-0.0014928333207842423
2021-08-09,-0.00022192160975587072,-0.00653228360577709,-0.0018001661006736666
2021-08-10,-0.0006888323197755675,0.001099380139052382,-0.000243714080268954
2021-08-11,0.0010396227940945302,0.0007865175114417666,0.0009765356986341975
2021-08-12,0.0010406811702838858,0.0025526104022963805,0.0014174615990622096
2021-08-13,0.0009497010422141461,-0.00011802196765053816,0.0006833174406120039
2021-08-16,-0.0009674639168900656,0.002058789023308125,-0.00021305608249560842
2021-08-17,-0.00028998540207747503,0.002113711929770702,0.000310588543302191
2021-08-18,0.0015805918010280973,-0.0008824178893896895,0.0009640891263036531
2021-08-19,-0.0017413527760916647,0.0007514407600914736,-0.0011185461001206008
2021-08-20,0.0008638835260050826,-0.0007589916704345906,0.00045766067831965016
2021-08-23,0.0003067128384275364,-0.0003532010499328583,0.0001417302826564668
2021-08-24,-0.00024343309710128658,0.002367882995471569,0.00040908901764781535
2021-08-25,-0.0008995871218410167,-0.0011380050373093456,-0.0009592802296986783
2021-08-26,-0.0007957368388680219,-0.003012002619793176,-0.00135052788633876
2021-08-27,0.0016131900026785662,0.0018742932445198045,0.0016784424373485814
2021-08-30,0.0,0.0007591570771824942,0.00018975839904799313
2021-08-31,-5.2852600824770946e-06,-0.0010203880596526464,-0.00025916413062365
2021-09-01,0.0014041602395236108,-0.0006337165535424115,0.0008948719986791995
2021-09-02,0.00020739420304072276,0.0016135631683819205,0.0005582748884279409
2021-09-03,-0.0013015674288965329,-0.0008661972998167144,-0.001192815143730049
2021-09-06,0.0005245446739501336,0.0008507049413764938,0.0006060437737597866
2021-09-07,-0.001739627776060182,0.000678482370289401,-0.0011352562233076769
2021-09-08,-0.0015916541770725212,-0.002664231597195894,-0.0018602161147680697
2021-09-09,0.0006315402871515108,-0.0013280672717785465,0.0001412707078736612
2021-09-10,-0.002032003881311195,-0.0009474094081110946,-0.0017610504075784687
2021-09-13,0.00022007601147322475,-0.0015085365890169966,-0.00021211810409507817
2021-09-14,0.00048642763685458057,0.00020801495679575747,0.00041690813142609436
2021-09-15,-0.0024011257679371623,0.0013880998632165794,-0.00145515560951143
2021-09-16,-0.00017568112613342013,-0.0036064275197215325,-0.0010345966218605557
2021-09-17,-0.0011295956802004348,-0.0016255117005975225,-0.0012534326824031757
2021-09-20,-0.0009056164207741357,-0.00032218442343264316,-0.0007599797606393143
2021-09-21,0.0021356447091660513,-0.002319888850835244,0.0010229643515489426
2021-09-22,0.0018740538904606918,0.002400608004218605,0.002005111120959488
2021-09-23,-0.0007285149579864258,-0.0009011799489937622,-0.0007715075521415315
2021-09-24,-0.001804607548658077,-0.00018300375982412107,-0.0014008898881035273
2021-09-27,-0.0005668982622193397,-0.0021540529010219663,-0.0009625213068089776
2021-09-28,-0.003113254581003755,-0.0013664502818342356,-0.0026783556833201265
2021-09-29,0.0009559095703166598,-0.002356572945780927,0.0001277889412922631
2021-09-30,-0.00159348618108901,0.0010305872207792837,-0.0009390974093669151
2021-10-01,-0.0009777257299077302,0.0022792254067877673,-0.00016390923703904882
2021-10-04,-0.0029264519343505935,-0.0009288105943617808,-0.0024260803018188327
2021-10-05,0.0011872889641704187,0.0015706218797169522,0.0012834507731148762
2021-10-06,-0.008385458574511784,0.000691389614400795,-0.0061078131106072995
2021-10-07,0.004406139461077263,0.0004640802755091897,0.0034101950976410567
2021-10-08,-0.0008706020905702161,0.0021716930004380642,-0.00010423602568242272
2021-10-11,-0.0014562233231707467,0.0003342284937793023,-0.001004174887881776
2021-10-12,0.0004465438698892932,-0.00010199922287807355,0.00030786364443021933
2021-10-13,0.003979412720199971,0.0020147334056842487,0.0034829147492553636
2021-10-14,0.005276745542054373,0.0038512171342655593,0.004917024530159321
2021-10-15,-0.00016397600178430505,0.0005869661173561632,2.5317427953169445e-05
2021-10-18,-0.0005335476954357876,-0.0028064375966083913,-0.0011068072759089836
2021-10-19,0.0008452582705749112,0.0012078532503600509,0.0009365549794459317
2021-10-20,0.0018373706154226621,-0.0004948709605117369,0.0012499832977587533
2021-10-21,-0.0018367378224332098,0.001616619654140131,-0.0009685072495948131
2021-10-22,0.0049563088038775405,0.001383931419623736,0.004055830585571999
2021-10-25,-0.00012149863565791286,0.002158240215489241,0.0004516189532968204
2021-10-26,0.0008430091890327951,0.00011951053910952968,0.0006608141396431378
2021-10-27,0.002165380724663546,-0.0008640613717101487,0.0014029041429019008
2021-10-28,0.0009848226106330404,0.0010582762698459491,0.0010032682206963016
2021-10-29,-0.004787101597885646,0.00025992609710559034,-0.0035196273602857344
2021-11-01,0.005414100169166991,-0.0019853044079148046,0.003548818820874763
2021-11-02,0.0027121512303147632,0.0019719130473321842,0.002526577076490793
2021-11-03,0.00031923524750188115,-0.0006649720734095634,7.263571436924362e-05
2021-11-04,0.012860270977793187,0.0017107386519224547,0.01006874369991353
2021-11-05,0.0034189766233796437,0.0004541422467856249,0.0026828084124306275
2021-11-08,0.00024243204737040003,3.1883021207800625e-05,0.0001902689372613159
2021-11-09,3.82062020876095e-05,0.0012084165246630063,0.00032807761444159404
2021-11-10,-0.0025357068444648023,0.0019422797899991354,-0.0014254938974529868
2021-11-11,-0.0005206788863133527,0.005631487927356844,0.0010097523686762745
2021-11-12,-0.00036135293216066344,-0.0011016438777426646,-0.0005463601686743916
2021-11-15,-0.0006197446663748218,0.0019091642548534104,1.1907676616221947e-05
2021-11-16,-0.003190196058266981,0.0007322323183635549,-0.002208621885542971
2021-11-17,-0.007391956552805223,-0.0006537193793329588,-0.005700766034829139
2021-11-18,-0.0009328917342176224,0.0006922038263638849,-0.0005229481997087018
2021-11-19,-0.0022594067074671598,-0.0005562177112359861,-0.0018292411154716296
2021-11-22,0.0001699142547832988,-0.0009807141730619787,-0.00012106461559965707
2021-11-23,-0.005926828520493421,-0.006430096798534472,-0.006053989060599679
2021-11-24,-0.0022626595217292156,-0.002429687556366505,-0.002304846440863246
2021-11-25,0.0036190540503850954,0.0007663177951262647,0.002898617538838135
2021-11-26,-0.012832610220604446,0.003682633901447383,-0.008670680539570262
2021-11-29,0.0030082056962792425,-0.00272243092953935,0.0015460585850673447
2021-11-30,0.0004723800222066199,-6.125774475354556e-05,0.00033680493816745237
2021-12-01,0.007071142108826756,-0.003165491335768811,0.0044714756925407564
2021-12-02,-0.006834237570254809,-0.00037073060915647347,-0.005205263587381732
2021-12-03,-0.0018491076871991474,-0.001168044106670398,-0.0016766275576821932
2021-12-06,0.005329704736923846,0.002170580920593128,0.004529245446426308
2021-12-07,0.009013757453744997,0.001804729125612857,0.0071914216889019215
2021-12-08,-0.0022894845546158615,0.0028897687153504564,-0.00098724802208061
2021-12-09,-0.0017547419705737921,4.7299556161556705e-05,-0.001299890409585805
2021-12-10,-0.0029590844705907893,-0.0010342784746826422,-0.002472590679975115
2021-12-13,-0.0018217909994382442,0.001760354541264312,-0.0009150999802476286
2021-12-14,-0.004484077980779655,0.00012082827236370004,-0.0033153906791839024
2021-12-15,0.0004211267885223524,-0.0019226814828054832,-0.00017576325468245178
2021-12-16,0.0024866914583514532,0.0026710282770861615,0.0025335538949748065
2021-12-17,-0.000810078157067351,0.004884701802806996,0.0006378575403795221
2021-12-20,-0.0036086053620164593,-0.0013543657507726749,-0.0030330173911230184
2021-12-21,0.004057285311541925,-0.0025714886950192824,0.0023618724349359016
2021-12-22,0.0029469951798133387,-0.0006472428047555041,0.002032236933000008
2021-12-23,0.0007590241246380192,0.0017768067516823096,0.0010173641266749958
2021-12-24,0.00031721557980968207,0.00021503457945528566,0.00029125967714046337
2021-12-27,0.0,4.940042056864047e-05,1.2350105142160117e-05
2021-12-28,0.0,0.0011022859774494325,0.00027558170424705374
2021-12-29,0.0025489386813235537,-0.0003681788751018142,0.0018190295179030197
2021-12-30,-0.001387335888536123,-0.0019378842665354013,-0.0015247910866168593
2021-12-31,-0.0005671432159768397,0.0013501152018566684,-8.866009900040532e-05
2022-01-03,0.0,0.0012234047472682043,0.00030575994043064656
2022-01-04,0.0048811089127172025,-0.0015367619572904418,0.0032756484232104813
2022-01-05,0.0009161612859620583,0.000998749277918821,0.000936721960683549
2022-01-06,-0.005611910703552492,-0.0023647962078478546,-0.00480347595906169
2022-01-07,-0.0021449452624547893,-0.0017122285886586454,-0.002036947710019623
2022-01-10,-0.0063601892752721545,-0.00031272322539759674,-0.00485036984362044
2022-01-11,0.0027958568730708233,-0.001197433107794408,0.0017943401649383433
2022-01-12,0.0029567367359077945,0.002305976512693462,0.0027940135547290593
2022-01-13,-0.0008851429245901876,0.0005409258257518957,-0.0005287266905600883
2022-01-14,-0.0034448439829003474,-0.0002549563917806538,-0.0026467446746684586
2022-01-17,0.0033073713946487615,-0.00048148017080611996,0.0023571399521815466
2022-01-18,-0.00547946136384736,0.0018493008340399557,-0.003646637239281252
2022-01-19,0.00036507087092285673,-0.0008993693086371692,4.7107231791162634e-05
2022-01-20,-0.0015602818524460549,0.00104865607499928,-0.0009048437376900971
2022-01-21,-0.005846747283035136,-0.00011187500697214927,-0.004403170031189023
2022-01-24,-0.016282767278611,-0.00012881780076828776,-0.012198981941072905
2022-01-25,-0.0007883929972792858,-0.00379812944405208,-0.0015585641269370808
2022-01-26,0.008212355958159279,0.00040528108492505214,0.0062190596219708315
2022-01-27,0.0019412741868964911,-0.0003649115061354321,0.001355862708067322
2022-01-28,-0.0049858771396115165,-0.0008323964536100257,-0.003933352666420682
2022-01-31,0.006652808563377244,-0.0011039418042801418,0.004681068011583052
2022-02-01,0.003766064341073294,0.0019922267272199324,0.0033177569551002366
2022-02-02,0.0037085115329433815,0.0010168769280261825,0.0030291452464790455
2022-02-03,-0.004084860926753975,0.0009479952670471136,-0.0028171207431861023
2022-02-04,-0.0054784422505127495,-0.0007351155599348798,-0.004279121154663086
2022-02-07,0.0007705835758837765,-0.00015175584706934365,0.0005365456612331781
2022-02-08,-0.0006323913416588223,0.00037005178009374,-0.00037820259473587996
2022-02-09,0.012280505347778803,0.0014559641597893462,0.009533680032552646
2022-02-10,0.0006504243000082788,0.00268614682613399,0.0011628739150177552
2022-02-11,-0.005532835792692037,-2.5793389076190057e-05,-0.0041444463973585996
2022-02-14,-0.012388367617753415,0.004143801837994635,-0.008203177764073533
2022-02-15,0.009859169149437852,-0.0029045829947375564,0.006587744835108693
2022-02-16,0.002287548656583205,0.00026459078391525756,0.0017739422464245487
2022-02-17,-0.0053908279180791,0.005179758868557942,-0.002711117547033552
2022-02-18,-0.0022855049294829843,-0.0021395350970309646,-0.002248207867059278
2022-02-21,-0.009496187756287688,-0.0009985812422625751,-0.007324709751715763
2022-02-22,-0.0009968228758494568,0.0012825381695911017,-0.00041064309663940777
2022-02-23,-0.003277131358158769,-0.0017258055781074171,-0.002877503514296798
2022-02-24,-0.01518807481656348,0.009004473157817708,-0.008948777645569497
2022-02-25,0.020219246212896058,-0.00737386830951515,0.012974022937008889
2022-02-28,0.0022735857197817566,0.001573188885485863,0.002093374170408787
2022-03-01,-0.014280051523540394,-0.0002951081272900416,-0.010683604571510557
2022-03-02,0.0019324226839945169,0.0030973721206571945,0.0022351535005810264
2022-03-03,-0.014240258805704453,0.0011647306489969156,-0.01023358097462687
2022-03-04,-0.02153053789659587,0.0002137157809251354,-0.015809954113173545
2022-03-07,-0.006216654456177695,0.00711239351661445,-0.002652891468813537
2022-03-08,0.002655861213667121,-0.002303177019060196,0.0013169901790187053
2022-03-09,0.02557739094928757,-0.0008630425181309347,0.01846465208754416
2022-03-10,-0.004191076541635197,-0.004267995774893382,-0.0042113758996422425
2022-03-11,0.009134963760686565,0.0007523105202852121,0.006922866777349194
2022-03-14,0.009300651210449207,-0.0010303417382648437,0.00659111396560627
2022-03-15,-0.0028002822625260437,-5.593709205510001e-05,-0.0020859652406068846
2022-03-16,0.01447294419114531,-0.001972839365777376,0.010183614673928839
2022-03-17,0.00552349119841633,0.0006686091220644599,0.004272496218368749
2022-03-18,-0.0016507440089308378,0.0008203009656888437,-0.0010162957079653276
2022-03-21,0.0003110264204355673,0.00024712599515264253,0.0002945896291867076
2022-03-22,-0.0018072404632457628,0.0006596729111951454,-0.0011727186116323055
2022-03-23,-0.002512987199643213,0.0018887146199745458,-0.0013787358505014413
2022-03-24,-0.0029220741813328344,0.000438081649595079,-0.002082035223600856
2022-03-25,0.00027406192567447363,0.0011811068666574046,0.0005013958180276046
2022-03-28,0.004379217615221975,-0.0022301075022773446,0.002721588200251369
2022-03-29,0.014651934623491458,-0.0008646917310963588,0.010779557362384652
2022-03-30,-0.0013927881288647859,0.0009956265756293056,-0.0008035946220897425
2022-03-31,-0.005251102203050695,-0.00034176109086165245,-0.004037845381845715
2022-04-01,-0.0016862691218031411,0.001538827656716519,-0.000886285680254037
2022-04-04,-0.00045592396678717506,-0.0003448737850086594,-0.000428311170398386
2022-04-05,-0.008161112540145288,0.00043327130628031203,-0.006023927558880579
2022-04-06,-0.008356995358165809,0.002100938656021549,-0.005739502767200784
2022-04-07,-0.002079107142477832,-0.0003503498707601862,-0.0016430083664855672
2022-04-08,0.009201837417226688,0.000647308611146306,0.0070410656559218585
2022-04-11,-0.0022396788319071215,0.003996463897256014,-0.0006745045623992893
2022-04-12,-0.000642840237315867,0.0001814956501441798,-0.0004349777708891686
2022-04-13,0.0001225408974514508,0.0030062160821246867,0.000850129645176113
2022-04-14,0.002606562751990893,-4.321020398921549e-05,0.00193655030319926
2022-04-19,-0.00016439454691252742,2.7169181976862046e-05,-0.00011605211383380984
2022-04-20,0.006274174779162145,-0.0036220474585438316,0.003776436871670175
2022-04-21,0.004969643144905556,-0.0004987933963713514,0.003599620597838633
2022-04-22,-0.005115625747995622,0.0011908017790503472,-0.0035421111317350197
2022-04-25,-0.005271391911194412,-0.002547976732982351,-0.0045886459701472955
2022-04-26,-0.0036306950258975235,-0.002496757923700602,-0.003345840145646669
2022-04-27,-0.0005480731219833501,-0.0018208362241273562,-0.0008680746907637688
2022-04-28,0.0041351014232065,-0.0009517770537674628,0.00285736416894337
2022-04-29,-0.0012600341337644094,0.003592407828851115,-4.5812886435836085e-05
2022-05-02,0.0,-0.0031182929280094184,-0.0007831260167730116
2022-05-03,-0.002528667874661328,-0.000742190934100718,-0.0020810617458052044
2022-05-04,-0.004182598751684696,-0.0008351427559766766,-0.00334276026549192
2022-05-05,-0.0008496379426844447,0.0021521509592955547,-9.462852597770662e-05
2022-05-06,-0.005488424287438121,0.0001950092436023237,-0.00405571601855167
2022-05-09,-0.013280681126717098,-0.0003473747467914058,-0.010006473710952377
2022-05-10,0.005693476025303568,-0.002624635522135539,0.003567109541536834
2022-05-11,0.008790618572716236,-0.0014631315391096908,0.006185614991056276
2022-05-12,-0.005467903592654699,-0.0002837478326199284,-0.004160861308458347
2022-05-13,0.008731104540786294,-0.0018351919156634766,0.006056731726428937
2022-05-16,-0.00016122027927423233,-0.002037617807599109,-0.0006324186632855431
2022-05-17,0.0018314262304484075,0.0030326872441844444,0.0021326610959542724
2022-05-18,-0.004307808283723125,-0.000720092186140561,-0.0034073247146610814
2022-05-19,-0.0036869955785174824,0.0004458684937622942,-0.0026468878828055007
2022-05-20,0.003181837795693143,-0.0005641876974712844,0.002236161366624476
2022-05-23,0.007340744684117606,0.002128735054067465,0.0060286599450877975
2022-05-24,-0.0005061047585700473,-0.0005200838358954763,-0.0005096102454341146
2022-05-25,0.0009013940947459886,0.0008386931811351713,0.0008856709593293191
2022-05-26,0.007076726200571981,-0.0010956548328406486,0.005027482973062762
2022-05-27,0.0007065474399536864,0.001176282039920583,0.0008236168464137889
2022-05-30,0.004284214210148907,0.00033274814931027465,0.0032990647372352763
2022-05-31,-0.00448572155006155,0.0014184484298750367,-0.003018090792958245
2022-06-01,-0.002288858705740471,-0.004364307065548867,-0.002807059643257918
2022-06-02,0.0,0.002219771095363725,0.0005533701345482987
2022-06-03,0.0,0.001610787857833939,0.00040222455382735314
2022-06-06,0.006657990562522587,-0.0009859808092865785,0.0047469336187007365
2022-06-07,-0.0034921105768751515,-0.0012436187093089023,-0.0029331762398086387
2022-06-08,-0.001355167451183803,0.000746472604679011,-0.0008318525420615958
2022-06-09,-0.011794622129184362,-0.00088411995126566,-0.009073581676735058
2022-06-10,-0.0156989867463726,-0.0011500706495306942,-0.01204055167217014
2022-06-13,-0.016623805310871154,0.0010127826003545341,-0.012140065481938333
2022-06-14,-0.0024765737270078247,-0.005569828722586939,-0.0032734406709778174
2022-06-15,0.0059829370855248865,-0.0007876796334256237,0.004242747442808542
2022-06-16,-0.02895996506869125,0.00181085167815455,-0.02109083995549821
2022-06-17,0.00872196277996884,-0.00066594678601941,0.006264993858021828
2022-06-20,0.003736948041193733,-0.0008285379916586378,0.002550315903329909
2022-06-21,0.0021955571012552966,-0.0013400525395465563,0.0012797010052922582
2022-06-22,-0.0031065160641863265,0.0003051931431875635,-0.0022250671258056388
2022-06-23,-0.008774364206498797,-0.0002920572970454005,-0.006653787479135448
2022-06-24,0.010496726098223164,0.0009839284789756493,0.008103295887935895
2022-06-27,0.005740201241718479,0.0029324613510592888,0.005038759747481144
2022-06-28,0.0015613295856444775,0.0008123783035923639,0.001374615523794269
2022-06-29,-0.006955572769636542,-0.0013783657143090794,-0.005565951935886653
2022-06-30,-0.008952551832424716,0.0005743187674004555,-0.006568834250369838
2022-07-01,0.004609244155331815,0.002169865527758973,0.003994498710644856
2022-07-04,-0.0064271147330065,0.0008815306236853546,-0.004588617417190132
2022-07-05,-0.010747042420646502,0.0020662423006484183,-0.007506134735808797
2022-07-06,0.0029872819456611133,-0.0044140348546047965,0.0010971863129659
2022-07-07,0.0072566107245313205,-0.002473712635378826,0.004785429572944398
2022-07-08,0.00624129814120522,0.0012581371675794565,0.004984882752772413
2022-07-11,-0.004536215349695949,6.210202759841258e-05,-0.003381130725081054
2022-07-12,0.0013678917728210394,0.00018628084612362173,0.0010700488929715573
2022-07-13,-0.004863530401567173,-0.000749909699577574,-0.0038275455757106397
2022-07-14,-0.008238383230178226,-0.0011527458364030089,-0.006448405035441981
2022-07-15,0.012855581150288176,-0.0031651089228536006,0.00878685283807817
2022-07-18,0.0009526968107322897,0.004106517051514942,0.0017441736764275272
2022-07-19,0.01172625476290623,-0.00016080485695995294,0.008736065410098085
2022-07-20,-0.00022986905505406607,0.0005663829107865849,-3.133849092397354e-05
2022-07-21,-0.00022880174859873925,-0.0022990884149092635,-0.0007452976289047574
2022-07-22,0.004154912134278765,0.0036236994351199754,0.0040225910674025235
2022-07-25,-0.0017204026856828536,0.0002847962189783786,-0.0012211212398876043
2022-07-26,-0.010697183686262268,-0.0008317129458791054,-0.008237042116676094
2022-07-27,0.0034116322831569956,0.0001638526266409915,0.0025956896952312332
2022-07-28,0.007790994379762273,0.0023315464514813665,0.006422739222303034
2022-07-29,0.010648748774277905,-0.00038229742005052255,0.0078953695730696
2022-08-01,-0.002112773406509505,0.0015233369842061182,-0.0012126441605195002
2022-08-02,-0.00606709484470469,-0.0002021232823454811,-0.004611227646437984
2022-08-03,0.005287995285358393,0.0010657645826001802,0.004235264599396247
2022-08-04,0.006242065781137951,0.0035025476037705452,0.005561176259844944
2022-08-05,-0.006483972723557163,-0.001680308787975515,-0.005292497371051406
2022-08-08,0.005817714247039918,0.0010441583354035538,0.004629407115145147
2022-08-09,-0.004013544783694423,0.00011287692914652203,-0.00298999811521891
2022-08-10,0.010091507476574169,0.0019991865016727155,0.00807798425166782
2022-08-11,3.46317421375808e-05,-0.00021623647622381821,-2.7412634747344097e-05
2022-08-12,0.0012962104493816629,0.0006325349632601473,0.0011321021506742273
2022-08-15,-0.0015225613544812555,0.0,-0.001146262582557214
2022-08-16,0.00040076849170267437,-0.0018508490417762503,-0.0001563540381293071
2022-08-17,-0.00810936655986183,-0.00024799960228244955,-0.006167508332896242
2022-08-18,0.0015211313436653828,-0.0009504519269940618,0.0009069822886868361
2022-08-19,-0.005492226193579697,0.0005274052364995886,-0.003999219513540368
2022-08-22,-0.014963190991259201,-0.0014850629247975947,-0.011605113308819704
2022-08-23,-0.002638191311209459,-0.0006553015661948188,-0.002139095640661026
2022-08-24,0.0029627900797359885,0.0003274043555907919,0.00229847405270098
2022-08-25,0.0012678714184493067,0.0017412310376140846,0.0013869591014168312
2022-08-26,-0.0070282256617415495,-0.00103378186916821,-0.005519611608332223
2022-08-29,0.0,-0.002700899304532114,-0.0006827979816672741
2022-08-30,-0.0006179638914928232,-0.0005867716946904998,-0.0006100943059227248
2022-08-31,0.00037336115059027897,-0.00011337451464052945,0.0002505580860456474
2022-09-01,-0.014290823590480506,-0.0028431238339125414,-0.011403627891464551
2022-09-02,0.016326148641998328,-0.0012822776174435005,0.011846715998433743
2022-09-05,-0.011682679948686658,0.0030160041466461046,-0.00799197817272245
2022-09-06,-0.0001931545856975747,-0.0016612180103139887,-0.0005658619680560985
2022-09-07,0.006175653458885044,-7.874205143043025e-05,0.004589547195212245
2022-09-08,-0.0020505509712832604,0.0009747940351107745,-0.0012868928170102216
2022-09-09,0.009242018398887941,-0.00017794859404215722,0.006858843817110466
2022-09-12,0.008310445410054212,0.0007091975484157361,0.006400831834967018
2022-09-13,-0.010039280686089058,0.0002390612901399145,-0.007471720890208292
2022-09-14,-0.010424677446468134,-0.0022138624494567097,-0.00835765738650265
2022-09-15,-0.0030270462440382673,-0.002018021882709175,-0.0027714570553014056
2022-09-16,-0.004252841762229176,-0.004023508980103846,-0.004194707125143551
2022-09-19,0.0,-0.0007237203394602668,-0.0001834907861592035
2022-09-20,-0.012212406503430695,0.0011371378098978813,-0.008875020425098551
2022-09-21,0.0008048635390998093,-0.00037707963598053413,0.0005063928033855818
2022-09-22,-0.011899582283754317,0.0019907011174859256,-0.008395029519202795
2022-09-23,-0.005664023265574913,-0.0017574100781436873,-0.00466805178128087
2022-09-26,-0.0015867602078624143,-0.002916559197495185,-0.0019267772162430605
2022-09-27,-0.0008159088175553331,-0.0017419750530481238,-0.0010524603647499256
2022-09-28,0.0013814554506483834,0.0008539103830272274,0.001246793953572277
2022-09-29,-0.0138118099757909,0.002592551553141529,-0.009626065089854297
2022-09-30,0.008043595625659039,0.0006199836601220135,0.006126013563861762
2022-10-03,0.0015283114360373773,0.0025450126502917425,0.0017894967969594173
2022-10-04,0.019474796929024096,0.004049382038772041,0.015509097907673564
2022-10-05,-0.007292332040869209,0.002753173973006449,-0.004738890209669858
2022-10-06,6.375330780472588e-05,0.0009477087690906627,0.0002901351268668199
2022-10-07,-0.00950776694237887,0.0005911123959727728,-0.006919734302873057
2022-10-10,-0.001535086227768434,-0.004449957558221809,-0.002287727870978506
2022-10-11,-0.006511132140941012,-0.0018744069653315043,-0.005316489556245
2022-10-12,-0.005583232698543217,-0.00031743277284501436,-0.004221815403702905
2022-10-13,-0.0018723893012928539,0.0013496981009069157,-0.001036086141868431
2022-10-14,0.006977185268559616,-0.0022006194419671864,0.0045893673663783266
2022-10-17,0.0063909119971605755,0.0009432257816851079,0.004983150351399996
2022-10-18,0.010597244031094188,0.0006851347148885929,0.008046106971708059
2022-10-19,-0.005257575583886509,0.0010880094952425252,-0.0036363015336369083
2022-10-20,0.0033002136058040143,-0.001455012725207085,0.002079509750034316
2022-10-21,-0.0008730529916973762,-0.0009530705888905374,-0.0008935216833546851
2022-10-24,0.00839733876920934,0.004281304404700427,0.007344510144748137
2022-10-25,0.0063261190148027335,0.0015884523003668225,0.005117969867180934
2022-10-26,0.004966990628332724,0.0015653754855571966,0.0041025931455212035
2022-10-27,-0.000463877381601141,0.0004958515917816251,-0.00022061321722473777
2022-10-28,-0.00646011522515777,-0.0031157122489525423,-0.0056117961233542075
2022-10-31,0.0035557525003637735,3.922879829521669e-05,0.00266153537849073
2022-11-01,0.0032810289345648336,0.000892082605453508,0.002675132346442272
2022-11-02,-0.0037176950408016607,0.0015361888478275462,-0.002387548177857903
2022-11-03,-0.001050031094199766,-0.0032241936562610383,-0.0016026375093616029
2022-11-04,0.014384754219175955,0.0012404508622673386,0.011049295684628622
2022-11-07,0.0008173735792496029,0.0035187250629919167,0.0014962099832242272
2022-11-08,0.0061930401511605115,-0.0003845446030574086,0.0045367872508043725
2022-11-09,0.0064468776513102455,0.0007163087862778254,0.0050109748214090645
2022-11-10,0.013374403968402726,0.002098065833776309,0.010560977434457683
2022-11-11,0.006844827941783427,0.0048117524801559826,0.006341827128450296
2022-11-14,0.0015365560884077478,0.0007933232838946487,0.0013529533134028241
2022-11-15,-0.0044393595442522304,0.001591845192936843,-0.0029502876775171025
2022-11-16,-0.00714444186925578,0.0010329669797260591,-0.005116286290829916
2022-11-17,-0.0008990533804605905,-0.0016533225092225075,-0.0010872829921422227
2022-11-18,0.001168037106233033,0.0003376873712806722,0.0009609388226449647
2022-11-21,0.00013717694360160237,-0.00102578583462665,-0.00015269805799048266
2022-11-22,0.0002009001464353677,0.00118233915073689,0.0004453157128962903
2022-11-23,-0.0014126133754298609,-0.001109141299402299,-0.0013369816324803041
2022-11-24,0.004120723300102158,0.0020687657024846397,0.003609214833851724
2022-11-25,0.00040834812719237057,-0.0006620616699348726,0.00014192777082800735
2022-11-28,-0.0027287623888949675,0.0024356284744056008,-0.001444401196831802
2022-11-29,-0.002403045912792945,-0.0007610659255728319,-0.0019931060297725713
2022-11-30,0.0009576118851521986,-0.0006802474397741762,0.0005481959735996624
2022-12-01,0.0021002269493055614,0.0023692806068656776,0.0021673997534254153
2022-12-02,0.001384742434403563,0.0028341245073540008,0.0017466727325677754
2022-12-05,0.0015059156560428555,0.0008491790565263872,0.0013417416217670528
2022-12-06,-0.006771376542427987,-0.0013331249763673355,-0.005412566146648084
2022-12-07,-0.0013568729653908873,-0.0008718865483202316,-0.0012351964342676046
2022-12-08,0.001198477524093633,0.0005688844707349353,0.0010404636860848636
2022-12-09,-0.0010368275531544846,0.0008915127515577088,-0.0005530850658852868
2022-12-12,-0.0007661095161848319,0.0012291242556896793,-0.00026486271202999924
2022-12-13,0.008594853907268218,-0.0001281908685384688,0.006400157518892807
2022-12-14,-0.001730067516307443,0.0020430122547536937,-0.000786927955230354
2022-12-15,-0.0048265333377233155,-0.0018150274252400676,-0.004071628945882609
2022-12-16,-0.007888102668162977,-0.0009599700202738426,-0.006156069506190694
2022-12-19,0.0024859667006267294,0.0005877008544033394,0.002008919070276403
2022-12-20,-0.0021212431854263913,0.00232143133342161,-0.0010063512374630678
2022-12-21,0.010756069180635874,0.00026037700085294657,0.00811339478862549
2022-12-22,-0.004960976833876085,0.0019566843214371575,-0.003232770721262797
2022-12-23,0.002083956012738142,-0.0017084969643205883,0.0011315729750573534
2022-12-27,0.0,0.0023564702569069734,0.0005900918633544251
2022-12-28,-0.00014990482627452728,-0.001259403990003067,-0.00042822881711114525
2022-12-29,0.006700174719029173,0.0009938411933203286,0.0052698997571929565
2022-12-30,-0.0021120952746733757,0.0013231710085582452,-0.0012547188894878165
2023-01-02,0.0,0.0007348234413675793,0.000183871169536224
2023-01-03,0.0052096955154044,0.0026356696781570576,0.004565255196489219
2023-01-04,0.008132925020292392,0.0043077157199527165,0.007177074451747657
2023-01-05,0.0018061311152930415,-0.0008255424645876561,0.0011503969865946685
2023-01-06,0.003443932478928602,-0.0025426561512651375,0.0019551982173007217
2023-01-09,0.00818772212260499,0.004925062782162668,0.007380011997620251
2023-01-10,-0.004337072439453804,-0.0002463510191278858,-0.0033268336280954445
2023-01-11,0.008525863990647586,-0.00018338466321640587,0.006368392495185938
2023-01-12,0.00404126362082291,0.0008878635394333435,0.00326518304738286
2023-01-13,0.002613139973960843,0.0023537347909400102,0.0025494492670141092
2023-01-16,0.0036809954419130264,0.0021574562298981967,0.003307000036625895
2023-01-17,0.0004402964349916605,0.0005306335822779418,0.0004624468119843097
2023-01-18,-0.0013153486146245674,-0.0011339723258032813,-0.0012708727028544514
2023-01-19,-0.011743430776440134,0.0004903973947434085,-0.008743119932999113
2023-01-20,0.002778084620008281,0.0006178673985107749,0.0022433626734013213
2023-01-23,0.006661043902196795,0.0001739572355977858,0.005057889507018126
2023-01-24,0.0024040884016021113,0.0017497037844241457,0.002243156109559957
2023-01-25,-0.004573978853372407,-1.7838954368679737e-05,-0.0034540426365122015
2023-01-26,0.002125561627866368,-0.00024277549602645966,0.001541397772531726
2023-01-27,0.0008584824671460378,-0.00034481341582996505,0.0005622114039602886
2023-01-30,-0.0035437822884160086,-0.0002644591145559275,-0.0027370914027042793
2023-01-31,0.0021052218213652996,-0.0006155106518899476,0.0014342809669457457
2023-02-01,0.005264398138040027,0.004715253137179635,0.005129254507304316
2023-02-02,0.018413352224665447,0.004934117078370702,0.015097502195214716
2023-02-03,0.002976044545555112,-0.005590722342158307,0.0008897462126142223
2023-02-06,-0.00781855227590944,-0.000550795955906453,-0.006060066958120843
2023-02-07,-0.0028177947502256995,8.323088734696898e-05,-0.002111980303933138
2023-02-08,-2.724943779996991e-05,0.0004197925116911189,8.175435036946599e-05
2023-02-09,-0.0001757323943663014,-0.00023158093835711367,-0.00018935474138168326
2023-02-10,-0.008650578981240664,-0.0025311151105885444,-0.007158007577701128
2023-02-13,0.003708084511803156,-0.000577232896383245,0.002658000716909717
2023-02-14,-0.0013165012305956791,0.0013615171613199143,-0.0006623910153809548
2023-02-15,0.005426319325430473,-0.0027864046407226496,0.0034162859542982843
2023-02-16,0.003347118533866489,-1.102674404764673e-06,0.002532719537636734
2023-02-17,-0.0006340049010389315,-0.0010034383568109343,-0.0007236363206064525
2023-02-20,-0.001171909688565842,0.002208694134129101,-0.0003519420566422838
2023-02-21,-0.007690764956312934,-0.0013213910904953962,-0.00614191191910936
2023-02-22,-0.001122890596614745,4.9541261570003334e-05,-0.000836405224236813
2023-02-23,0.004661618502806331,-0.0004389832430316186,0.0034141741832505053
2023-02-24,-0.003013823528392301,-0.0006500697781837384,-0.002437944764234351
2023-02-27,0.0029858436012466516,-0.0026074287619803726,0.0016207184570442073
2023-02-28,-0.004131956465804443,-0.0002655308413511297,-0.003192278618586786
2023-03-01,0.002936681202772906,0.00155904019451349,0.002600882771622119
2023-03-02,0.0013973760493850573,1.5547542315604961e-06,0.0010574997403681376
2023-03-03,0.005205676051029506,0.0008916591534709645,0.004156340064866415
2023-03-06,0.0012756476169424324,4.519290406773135e-05,0.0009773264325846343
2023-03-07,-0.0014431398024467024,-0.00017723809768242175,-0.0011365103753297097
2023-03-08,0.00028506457549748454,-0.0038630257452854037,-0.0007206596968119942
2023-03-09,-0.005103695073213732,-0.0005681741020215584,-0.0040074944149816605
2023-03-10,-0.00902997696458474,0.0013023519354607345,-0.006524108874426137
2023-03-13,-0.010571050443196728,0.004859091518103812,-0.006799344647650995
2023-03-14,0.006034872277342451,0.000404762102994991,0.004642507752429561
2023-03-15,-0.01763900410513619,0.0002485462498856433,-0.013233951226742502
2023-03-16,0.006600789518607986,0.001472007249805063,0.005318593951407255
2023-03-17,-0.008033917442896832,0.002553994855958041,-0.005397067332315962
2023-03-20,0.004069541426368284,0.004452561162736923,0.004165692535319189
2023-03-21,0.013446183858619287,-0.001246925559779724,0.00975665502955845
2023-03-22,-0.00524080362735746,-0.0010154297274254029,-0.004191348809175349
2023-03-23,0.004766884405727589,0.0033700119293963516,0.004418837124102509
2023-03-24,-0.013474943575283005,0.002463805226308282,-0.009507762897852316
2023-03-27,0.002176835677280886,-0.003987414805197719,0.000623999442353505
2023-03-28,-0.0023239172024804855,0.0018617321438220643,-0.0012743696209631971
2023-03-29,0.007761934236526713,0.002548222831204275,0.006450495912895264
2023-03-30,0.008348833191364813,0.001224461516857162,0.006563742421869472
2023-03-31,0.0015898629787207685,0.0035689050973305,0.002083103720417793
2023-04-03,-0.0017870847798411305,-0.0007717838804244872,-0.0015336640525313251
2023-04-04,-0.001772512987619601,-6.775311984554393e-05,-0.001346677513612989
2023-04-05,-0.006346046916095194,0.005680442279613833,-0.003338078216596841
2023-04-06,0.005191476674152096,-2.436308327427299e-05,0.0038751283464889563
2023-04-11,0.002091537255836995,0.0016285043953463722,0.0019751331971021085
2023-04-12,0.0018029830524677326,0.0012513586583865906,0.0016643555160058246
2023-04-13,0.003980832723703864,0.0006895618466279093,0.003154051571082181
2023-04-14,0.0021080262547259476,0.0003133047058229153,0.0016582922186323518
2023-04-17,0.0002877096995377304,0.0003581419289179318,0.00030533540745075337
2023-04-18,0.0013654218232936888,0.00020217033367287614,0.0010743020683970743
2023-04-19,-0.0028203058522778823,-0.002192361925343672,-0.002663291119747241
2023-04-20,-0.002262675411300652,0.001991258149677931,-0.0011984949973546568
2023-04-21,0.001177559089732938,-0.00027631840620663604,0.000812689962675926
2023-04-24,-0.000978745769655287,-6.803214015828483e-05,-0.0007504392487993333
2023-04-25,-0.0030331944971589975,0.0015755617716644579,-0.0018770377763993736
2023-04-26,-0.0007316256964817747,0.0012748800998215995,-0.00022653070989026025
2023-04-27,-0.0012205907225304458,-0.001952727294211174,-0.0014051672424809105
2023-04-28,0.0022859009785489715,-0.0007073036639690315,0.0015317078693781036
2023-05-02,-0.003324152260896329,0.0013855760019937454,-0.002140102347999443
2023-05-03,0.0013037304255816284,0.0036790136236672954,0.0019029987443275396
2023-05-04,-0.0053975261459742185,0.0029376683830604692,-0.0032908837075854482
2023-05-05,0.003972162475926355,-0.0005181118735078089,0.0028301956764300125
2023-05-08,0.0,-0.000619681443671783,-0.00015707122069245989
2023-05-09,-0.004324471086814219,0.0016017004855438748,-0.0028230539751363457
2023-05-10,0.0018110197770009329,0.0007236455003840517,0.0015343071234278456
2023-05-11,0.003039229125735732,-0.0015013345315360667,0.0018846915714222806
2023-05-12,8.675128321544712e-05,-0.0007563214157751431,-0.0001268938819772694
2023-05-15,-0.0016845466252516372,0.001921603507212203,-0.0007712783553063835
2023-05-16,-0.00020700177937149622,-0.00021710667581277247,-0.0002095677711751874
2023-05-17,-0.003213761011504279,-0.0025925670546372258,-0.0030560190107113954
2023-05-18,0.002242126458294802,0.00015359469642636458,0.0017115315819369865
2023-05-19,0.004771016031400066,-0.0015355161778006117,0.003171323148407093
2023-05-22,0.0016751742217573362,0.003337162595425087,0.0020947703656257056
2023-05-23,-0.004537876981645872,-0.0021541731311434512,-0.003935325848307048
2023-05-24,-0.010640460238770522,0.0008600936240517244,-0.007728159144338769
2023-05-25,-0.001552514183784881,-0.002287262890436719,-0.0017401859986411721
2023-05-26,0.002650178357642252,-0.0006511622079907048,0.0018074017358021702
2023-05-29,0.0,-0.00123977300794175,-0.00031571644505179615
2023-05-30,-0.0038621480860313584,0.0012804933169164878,-0.002553750771157232
2023-05-31,-0.007601938198964042,-0.001382326470329853,-0.006013453887340749
2023-06-01,0.0026300776444680984,-0.0014469472700159938,0.0015839570226106655
2023-06-02,0.012057073203922908,0.0025168465913527767,0.0096165616231597
2023-06-05,-8.946694627154361e-05,-0.0014609069990103342,-0.000437831712779213
2023-06-06,0.0012291848594547794,0.001743864612383247,0.0013597868333755632
2023-06-07,-0.0027047722407721464,0.00017198726120175772,-0.0019745034213680627
2023-06-08,0.0006921600647677995,-0.0021144613403839842,-2.183643868132511e-05
2023-06-09,-0.0014794544090740436,0.0012760251176788257,-0.0007799351871586423
2023-06-12,0.004963931824474743,-0.0013761163375275221,0.0033511051692880125
2023-06-13,-0.0010151875807681288,0.0008219628247499492,-0.0005500420380149441
2023-06-14,0.001180706292460254,-0.0019948168664831135,0.0003755963157769277
2023-06-15,-0.01302222672284803,-0.0020231146364643976,-0.010240161805454222
2023-06-16,0.0016336783743999828,0.0022116818497155966,0.0017781792432288862
2023-06-19,-0.005834070067838315,0.0007318698128465555,-0.004191874772739062
2023-06-20,-0.0033275945321408207,-0.0006893272810275428,-0.0026644796826149073
2023-06-21,-0.001735054315063267,-0.002886573443835883,-0.0020250558940550743
2023-06-22,-0.0026827039985704015,-0.0014943587178068425,-0.00238368638015422
2023-06-23,-0.003026097633632263,-0.00021776979723020607,-0.002318821639908081
2023-06-26,0.0002065318119559567,0.002181277116689604,0.0007049178152006487
2023-06-27,4.289815467584113e-05,-0.0021467828999191603,-0.0005105486174031987
2023-06-28,0.009808533822514898,-0.0004893358915851304,0.00720998525772371
2023-06-29,0.0006648715234298663,0.00037992239802472964,0.0005935175466483332
2023-06-30,0.004212423925719522,-0.0017633050736245357,0.0027163638608925893
2023-07-03,0.0005780749532386942,0.0024640655607499995,0.0010481347297720694
2023-07-04,-0.0005604223324371382,0.002329639857950535,0.00016090868203755482
2023-07-05,-0.005820293360196072,-0.00010330314053378803,-0.004390294920972183
2023-07-06,-0.01471941049945058,-0.0008733149483423775,-0.011241155237351105
2023-07-07,0.005745327424179658,-0.0016258312576587853,0.0038742142178683713
2023-07-10,0.0039778429294021755,-0.00042216118794245093,0.0028670543055938063
2023-07-11,0.0034573560158221994,0.0014851103459226915,0.0029610922048609457
2023-07-12,0.01416008684636716,0.0005604033916796293,0.010743119678085783
2023-07-13,-0.0029608011478478025,0.0030007266279838867,-0.0014780369334967628
2023-07-14,-0.0017225971088002945,4.279454598903063e-05,-0.001281535538481211
2023-07-17,-0.0017704005574812332,0.00019111460341424174,-0.0012796900866887141
2023-07-18,0.006603429070647815,-0.0010577277261682914,0.004684021881643542
2023-07-19,0.008067284722963475,0.0032160461207703796,0.0068588135429238145
2023-07-20,-0.0011702534736452996,0.0015149326197149012,-0.000503778347506683
2023-07-21,-0.001404630780401872,-0.001406099482405389,-0.001404996055037197
2023-07-24,0.0017508654921676303,0.00039889134593903844,0.001414622117838026
2023-07-25,-0.0018177169324580245,-0.0005097688275000604,-0.0014927530199373242
2023-07-26,-0.003666915809156568,0.0020195964648261106,-0.002252692681110159
2023-07-27,0.0056461911178571356,-0.0003089113420245586,0.004158828564434785
2023-07-28,0.0028331543775659274,0.0001412810021896675,0.0021638161304439354
2023-07-31,0.0006463280605513155,-0.00016922866174431486,0.00044394795322851835
2023-08-01,-0.002682711826896389,0.0003259104841526704,-0.001936580869951592
2023-08-02,-0.006765668916219991,0.0007002232418184183,-0.004909948782192227
2023-08-03,-0.0036321179846955376,-0.0019304280475313832,-0.003206761742605224
2023-08-04,0.005390832028450587,-0.0013511338848548346,0.0037034451624203242
2023-08-07,-0.003597477156884854,0.00041014539090268923,-0.002599496045083736
2023-08-08,-0.0012667945706520412,0.0005491766143518509,-0.0008132155411411883
2023-08-09,0.00237870498497994,-0.000861453709404985,0.0015683000941896707
2023-08-10,0.004900207390594602,-0.00032890230093738054,0.003595513382708795
2023-08-11,-0.008879463116128083,0.0006510682598652739,-0.006510837313149432
2023-08-14,-0.0004853578569826711,-0.00041188877405223085,-0.00046696693556458563
2023-08-15,-0.006573998664360037,0.0,-0.004928292059878377
2023-08-16,-0.0004482861216275058,-0.0011530466404386427,-0.0006255866331826546
2023-08-17,-0.0077684406980884635,-0.0014485792229019365,-0.006179357249216609
2023-08-18,-0.0017066551308417832,-0.0008303457643167369,-0.0014852646112405736
2023-08-21,-0.001277916925960687,-0.0012480039123972519,-0.0012703547550053987
2023-08-22,0.0033933564207657696,0.0013811925239003854,0.0028846591650974647
2023-08-23,0.0047363649517873085,0.00020929337812317924,0.0035935870192373913
2023-08-24,-0.00027422381228570103,0.002099825227328098,0.00032304134261853157
2023-08-25,-0.000541640345395944,0.00017152139091965914,-0.0003619038620542652
2023-08-28,0.0,-0.0010775617374395076,-0.0002717202803971452
2023-08-29,0.014293796463371367,0.001208482584473732,0.010996835325659508
2023-08-30,-0.0012724082508852597,0.0036930077289375374,-3.344037721987126e-05
2023-08-31,0.0007009179751673589,-0.0003932162421481931,0.0004268928216644993
2023-09-01,-0.0006689438307490025,0.00024654140271733146,-0.00043984914749319585
2023-09-04,-0.0035272158863229874,9.583313880502643e-05,-0.0026199470326867098
2023-09-05,-0.003192998790720769,-0.000551519181927224,-0.0025297293425098925
2023-09-06,-0.002253708763191309,-0.0008195352656256918,-0.0018928769047519979
2023-09-07,-0.002218741398980262,-0.001091861548693526,-0.0019349184062302453
2023-09-08,0.0025347627600145195,0.0009511631214667821,0.0021355705611014082
2023-09-11,0.003397067470992443,6.5412917096078815e-06,0.002543397185652634
2023-09-12,-0.002627548342057029,-0.0007529447757076501,-0.002156752995670587
2023-09-13,-0.0008427969973979765,-0.0007713711007104884,-0.0008249405232261045
2023-09-14,0.0047734676206074855,-0.00017567310876199152,0.0035361161028896718
2023-09-15,-9.424148237124896e-06,0.002639257187871009,0.0006503323797185921
2023-09-18,-0.006700663807325369,0.0027887778426073555,-0.00433225315693894
2023-09-19,0.0002731064854482046,-0.0012610851783725942,-0.00011254143197190802
2023-09-20,0.00575823537001674,-0.0005940466662323165,0.0041633040191160825
2023-09-21,-0.00793634829108536,0.0013655175486087959,-0.005611900052074098
2023-09-22,0.0009309476831249608,-0.0010455920994167272,0.00043356337221645496
2023-09-25,-0.0065054175285207405,-0.0007880026762848702,-0.005068791793750762
2023-09-26,-0.002883886352937348,-0.00016303429461273584,-0.002197271093652587
2023-09-27,-0.0022285398876251694,-0.002492908607435669,-0.0022953901463610726
2023-09-28,0.0022930238932590274,-0.0042384351017516865,0.0006417571200728381
2023-09-29,0.00663313186687331,0.0015263780361594744,0.005348352073097337
2023-10-02,-0.006573361156488211,0.0004538722325848912,-0.004812139675711815
2023-10-03,-0.007799335283953823,-0.0026833845904916196,-0.006510350038778931
2023-10-04,-0.0005193401458374325,-0.0036874468829611166,-0.001320632702232879
2023-10-05,0.0008066587523323232,0.00047581017849242734,0.0007231772809370346
2023-10-06,0.00253629333282146,0.0004227312541076542,0.002003119937363944
2023-10-09,-0.003882782522930839,0.004244832252268124,-0.0018357202669115928
2023-10-10,0.009772353730059358,1.603703370629875e-05,0.007300109281301098
2023-10-11,-0.0022325472130602098,0.0031697492819967848,-0.0008735078972666204
2023-10-12,-0.0006532797626455089,0.001572436304564536,-9.109726769376602e-05
2023-10-13,-0.0065526991154223335,0.00023326381255745187,-0.004835815052505883
2023-10-16,0.0009272697346547343,0.00234854144234409,0.0012886905431294966
2023-10-17,-0.0003164230164672821,0.0006859245337335896,-6.126229156886763e-05
2023-10-18,-0.005437451875149102,0.0006272484645867319,-0.00389244918900927
2023-10-19,7.07722687307566e-05,0.00015621709536297416,9.263839026877466e-05
2023-10-20,-0.007979345858343478,0.0016461156244672566,-0.005515944629674297
2023-10-23,-0.00132752304414252,-0.0017760548325676485,-0.0014431404731785453
2023-10-24,0.002080269496899767,-0.0002476719170453714,0.0014803992656874578
2023-10-25,-0.003810216521042742,-0.0005311347148514968,-0.0029667118617674273
2023-10-26,-0.0037646853961131876,0.0027098334962865566,-0.0020951241774160283
2023-10-27,0.0017512439409197444,-0.0006122748655619026,0.001138837094175665
2023-10-30,0.004120207000557041,0.0008543596480433027,0.003275479644922388
2023-10-31,0.004082068954101015,0.0011862643173027121,0.0033348624850009375
2023-11-01,0.001920785808556591,-0.0006562540215390424,0.0012572544156660293
2023-11-02,0.01539468771636332,0.0008683912461064782,0.011661632009539182
2023-11-03,0.0037030217046125635,0.001995946251707502,0.003269007464418209
2023-11-06,-0.004905445265029007,-0.0005002138810908084,-0.0037868613900997024
2023-11-07,-0.0003634079512995214,-0.0027738199833483726,-0.0009774831490291013
2023-11-08,0.004568066100028245,0.000990734037007667,0.0036583457288979844
2023-11-09,0.007931640008807195,-0.0024301829694658994,0.005303618045864408
2023-11-10,-0.006000224674446053,0.0028374111499351344,-0.003776018826765933
2023-11-13,0.0017961079600248286,-0.0016746124281416916,0.0009168181525792403
2023-11-14,0.01224420296809603,0.00020223654092838694,0.009201329084288223
2023-11-15,0.003316436961710245,0.003893742697504084,0.0034610150309503677
2023-11-16,-0.0030635956152491595,-1.891161949382636e-05,-0.0023007686873215485
2023-11-17,0.00524974579134696,0.0007328643122197838,0.004115480520280065
2023-11-20,8.916761708621657e-05,0.001154212626980679,0.000355717442008079
2023-11-21,-0.005606150745764649,0.0007429030056471929,-0.004015898696057752
2023-11-22,0.0025373947241784656,0.0011998448287578105,0.002200776933796446
2023-11-23,-0.0010136542677692262,0.000877102509845873,-0.0005382875437855917
2023-11-24,-0.0003423258177618349,0.0007210465463263926,-7.459826203504017e-05
2023-11-27,0.000384991995360906,0.00033387569207129483,0.0003721120928875276
2023-11-28,-0.0006594791305183367,0.00012603296402491221,-0.0004615592534473473
2023-11-29,0.0034795811157688483,0.003004247849203899,0.0033597443782958127
2023-11-30,-0.000995905532957253,0.0010819980135083373,-0.0004722288332257554
2023-12-01,0.0021842152338324983,0.0014761861880130287,0.0020054991136680797
2023-12-04,-0.004104966623533546,0.002410190163277982,-0.0024613215344793304
2023-12-05,0.003176839526586983,-0.0029105927308502996,0.0016336010411169748
2023-12-06,0.004303665606692819,-5.8116011319493015e-05,0.0032029172664527535
2023-12-07,-0.000733122649612894,0.0013308797657476655,-0.00021393984999896543
2023-12-08,0.00331661054041521,-0.000326053540884412,0.0023989126138504358
2023-12-11,-6.106896471225198e-05,-0.00348171686365889,-0.0009162309394489115
2023-12-12,0.001126917143019046,-0.0001800123026620921,0.0008010237775870518
2023-12-13,0.0020212026830999097,0.0002640580475836301,0.001583474045104684
2023-12-14,0.006033561853750813,0.005659063748257352,0.005940392177024791
2023-12-15,0.0019830294312330743,-0.00033946787217796693,0.0014053875055519075
2023-12-18,-0.0014361860754026345,-0.0005085261807596692,-0.0012058643568795963
2023-12-19,0.0019110538735120919,-0.00033555814221389486,0.0013528699829693223
2023-12-20,0.0024038982561480626,0.001988163650857674,0.0023007807277714396
2023-12-21,0.0013651929570490662,-0.00016842615876938344,0.000984917449642322
2023-12-22,-0.00011382625431233251,0.0007971290473457469,0.00011179355229700056
2023-12-27,0.002100062820141524,0.0012622064883233378,0.0018924055152441694
2023-12-28,-0.00034644294392705,0.0003426694277416892,-0.00017575830290916252
2023-12-29,-0.0008944194953323104,-0.00121480888092216,-0.0009738171451245086
2024-01-02,-0.0028178405482650604,0.0021937062530562154,-0.0015761981267527108
2024-01-03,-0.002313683782362963,-0.0019890770560316005,-0.0022329567454997395
2024-01-04,-0.0020173000963330523,-0.0011677078692508235,-0.0018059618170967594
2024-01-05,-0.0018105415950868675,0.0008619906455904472,-0.0011453171611615603
2024-01-08,0.0017350461380625237,-0.0011863090203615677,0.0010064254725503997
2024-01-09,-0.0021710299308385084,0.0012738193398730575,-0.001313725690902424
2024-01-10,-0.0002826225674463778,-0.000262272129820119,-0.00027754492307986787
2024-01-11,-0.007100987072711784,-0.0002569855851360231,-0.005393311929091547
2024-01-12,0.003625358036586812,-0.0006820931270734296,0.002545037761132152
2024-01-15,-0.0022193045210340268,0.0025917499981797944,-0.0010165632295878724
2024-01-16,-0.0009097292556199399,-0.0007241192717433119,-0.0008631600194539283
2024-01-17,-0.004420621235209143,-0.0013752335409465883,-0.0036564321987437648
2024-01-18,0.0009833702155259694,-0.0022085312296257825,0.0001805821661673894
2024-01-19,7.834445573662308e-05,0.0019429419398004032,0.0005461850330637597
2024-01-22,0.0018780409203524862,-0.00038441653637747195,0.0013095820281840437
2024-01-23,-0.0009659731144685546,0.0025818096829792613,-7.607494747119664e-05
2024-01-24,0.001761162283116624,-0.0018426885018359225,0.0008547976503884799
2024-01-25,0.001932461177608591,0.0001756673939446309,0.0014918202299353256
2024-01-26,0.0014008160002059178,0.00013560517849852788,0.0010838914791844035
2024-01-29,0.0011825541710748233,0.005113867727428991,0.0021663818665639684
2024-01-30,-0.0010499985028793457,0.000566996396755975,-0.0006441486010736054
2024-01-31,0.001945758901973793,-0.00019106156497805064,0.0014087878866627245
2024-02-01,-0.0004074503813101815,0.0004699385647395488,-0.00018731969655665377
2024-02-02,-0.00228044596758592,-0.0009773619967979174,-0.0019532964894466713
2024-02-05,-0.0020519511687101533,-0.0018623867642425826,-0.0020043129970415876
2024-02-06,0.0007483068520284242,-0.0007676115047862665,0.0003672973002118475
2024-02-07,-0.0007968438264065458,0.0009613718147586699,-0.0003554368353099536
2024-02-08,-0.0006401647760513329,-0.0005512256248469576,-0.0006178068375046066
2024-02-09,-0.0009613998648727584,-0.0004469526842505084,-0.0008320671178967019
2024-02-12,0.0019679278219653096,-0.0015643931353221498,0.0010795550718534542
2024-02-13,-0.0030840989658221796,0.0008746710901587187,-0.0020911045277093926
2024-02-14,0.0023208488013981565,-0.003975037820797873,0.0007369324482781844
2024-02-15,0.0006804524546473179,0.00134053543434285,0.0008457339272672108
2024-02-16,-0.00047725527303343895,0.002669311062802544,0.00031101869739484064
2024-02-19,-0.0004975007715800617,0.0014707603375926682,-3.251912753107918e-06
2024-02-20,0.0007280262007414162,0.0011653512004035737,0.0008380044886503581
2024-02-21,-0.0014232482804567015,0.001613003464006396,-0.0006594433631904051
2024-02-22,0.0017286559989853068,-0.0008066146962831481,0.0010894284989324888
2024-02-23,0.001220242197210064,-0.0007119244610041044,0.0007340003053041152
2024-02-26,-0.0019765639527649093,0.0011443374541045361,-0.0011923042731876224
2024-02-27,-0.00046067422167006544,0.0010623741950967235,-7.704793015662686e-05
2024-02-28,-0.0004259485840536481,-5.1260095585930366e-05,-0.0003314642936788131
2024-02-29,0.0007701725365516499,-0.0011729524081015134,0.0002800420728636644
2024-03-01,0.0007544731683757355,0.0021012158957407043,0.0010936797725039195
2024-03-04,0.00045934855014651,0.0025464927821202943,0.0009855705389900879
2024-03-05,0.0005514988020076661,0.002928437425030093,0.0011517198243403074
2024-03-06,0.0009420173262675302,0.000769965240635975,0.000898493885232704
2024-03-07,0.0017237749541751946,0.004275917973639405,0.002369299139003915
2024-03-08,0.0014842646215653676,0.0011763878186723602,0.0014062439345882269
2024-03-11,-0.0008809601418791058,0.004203974790394276,0.00040734430371655854
2024-03-12,0.0006383317068867633,-0.0006200210444165521,0.00032374351906093446
2024-03-13,0.000680300054678673,0.0003798701636622283,0.000605263442755065
2024-03-14,-0.001868539788032586,0.0008543543898553291,-0.0011886116714343222
2024-03-15,-0.0011382995718796085,-1.7495440237336685e-05,-0.0008578535021438356
2024-03-18,-0.0001836570816374783,-0.0007999395086153819,-0.00033799212265455883
2024-03-19,0.0007960157983235572,7.296168917760003e-05,0.0006150256980427165
2024-03-20,4.92408261758559e-05,0.0003677987395891646,0.0001289369291715687
2024-03-21,0.002702001343296123,0.004491775138519326,0.003149869869217015
2024-03-22,0.0012178179864048566,-0.002037463630328131,0.00040213476718330317
2024-03-25,-0.0011276329036477017,-0.0005655248931798552,-0.000987127714207246
2024-03-26,0.0011007547783277172,0.0009121028797452371,0.001053579223910943
2024-03-27,0.0019310665189125054,0.0006949653353079873,0.001622002482158099
2024-03-28,0.00032239328242433807,0.003171085358399434,0.0010339963584042192
2024-04-02,-0.0017583404262733193,0.00017820882448022637,-0.0012735578138676552
2024-04-03,0.000661181557844781,0.0006301500105449702,0.0006534020386090064
2024-04-04,0.0011418365220838833,0.0022923371407263275,0.0014302570004224248
2024-04-05,-0.0010188271179429886,0.0008810196595611004,-0.0005421420873843673
2024-04-08,-0.000395472905808103,0.0031312291137432315,0.0004906616456630966
2024-04-09,0.0010037474611193087,0.0019223226405411787,0.0012351618302030298
2024-04-10,-0.002175505430033642,0.00019393873239933733,-0.001578167553099557
2024-04-11,-0.0015636917488801583,-0.00027899144412594693,-0.00123924341246171
2024-04-12,0.0026380607725036143,0.004473555568218598,0.00310205676648659
2024-04-15,-0.0021391652064453037,-0.0026327612613063858,-0.00226411229480563
2024-04-16,-0.002468732183213751,0.002895204003345097,-0.0011114268120858716
2024-04-17,0.0004386922042407537,-0.0018801921079078,-0.00015043836330133045
2024-04-18,0.0006824673778136336,0.0010763426895429322,0.0007823613420708666
2024-04-19,-0.0007837130322063679,0.0012231326022382218,-0.00027459085827751727
2024-04-22,0.0022664017043614315,-0.0018251781703257288,0.001226842512311061
2024-04-23,0.0005156015873997166,-0.0044003312752920335,-0.0007295959662079592
2024-04-24,-0.002487703387863749,0.002495747897675322,-0.00123004048268587
2024-04-25,-0.0016877272764012075,0.0006013170537427744,-0.0011078911030551796
2024-04-26,0.0021942030431947313,-0.00040124593501313603,0.0015356267612751575
2024-04-29,0.001448193492473715,0.0015711917911583257,0.0014793430583079018
2024-04-30,-0.0024364203301855403,-0.0014053500770364901,-0.0021752757724334704
2024-05-01,0.0001587713841182392,0.0,0.00011852749653449653
2024-05-02,0.0014093425525141257,-0.002146274797627369,0.0005082046842893891
2024-05-03,0.0022653386050162094,-0.001783023060399655,0.0012420414754231927
2024-05-06,0.0,0.002214247098889574,0.0005580002726551826
2024-05-07,0.0028245572687719545,0.0014569125447993435,0.0024793341079451404
2024-05-08,-0.0011463393024245816,0.0020502056668506127,-0.00034028502159544577
2024-05-09,-9.069141835627015e-05,-9.380841227393387e-05,-9.147929225968405e-05
2024-05-10,-0.0007089629145304865,0.0073992969396952215,0.001340534655738854
2024-05-13,0.0006240620076900516,-0.0010506963004179887,0.00019817760344070735
2024-05-14,-0.0002757258014165487,-0.0005441310045782052,-0.0003438949572374954
2024-05-15,0.003857552128811781,0.0033447823239948133,0.003727345699736132
2024-05-16,-0.0007277742825744227,0.003519684695107928,0.00035036189334468283
2024-05-17,-0.0018504208613550066,-0.00039562399240122826,-0.0014799785839242465
2024-05-20,0.00018437188719455655,0.0,0.00013737335873737278
2024-05-21,-4.3164080815838446e-05,0.0008728296196367062,0.00019030124566427842
2024-05-22,-0.0006437611093597084,0.0002399868846812473,-0.00041836074973456057
2024-05-23,-0.001956471059816667,-0.0044962749831936695,-0.0026046759387742613
2024-05-24,0.00019857776946463623,-0.0034613616772973884,-0.0007337348603344246
2024-05-27,0.0,0.00026680558305534864,6.777905300094931e-05
2024-05-28,0.0008524932844791167,-0.0004705196631099296,0.000516329364375613
2024-05-29,-0.0028024381763321893,-0.00015331574019799757,-0.002129987456788789
2024-05-30,0.0016183589759670713,-0.0009329128300754761,0.0009694637177129608
2024-05-31,0.00016702645301802654,0.002393616872575846,0.0007322653369224106
2024-06-03,0.0017525466860102146,-0.0009675496352970599,0.001060880782332251
2024-06-04,0.0010539982792698854,0.0005598132366466843,0.000928591566105635
2024-06-05,0.0009432382922924809,0.001176483344018099,0.0010024058425730635
2024-06-06,-0.0008381958719911875,0.003964363450653286,0.00038028693684029975
2024-06-07,-0.0027779187831865615,-0.0004575520352737417,-0.0021870970346055934
2024-06-10,-0.001488417835229905,-0.0027345050584525908,-0.0018062518765359957
2024-06-11,0.0005921181912236229,-0.0007096760800115176,0.00026666962341483774
2024-06-12,0.003338857822672958,0.00021376550331493485,0.002558347332088767
2024-06-13,-0.0014319223001507675,0.0015227917681019036,-0.0006956905830037465
2024-06-14,8.231025222782407e-05,-0.0006056524042774411,-8.949126887426344e-05
2024-06-17,-0.0013611720635220426,-0.0004210532753895689,-0.0011265220259594846
2024-06-18,0.0016475366475181552,-0.0016949697836077342,0.0008126706643310782
2024-06-19,-0.0006253638762918623,0.002281158950597307,9.878642703767612e-05
2024-06-20,0.000930191257694446,0.0012665082818634496,0.0010141663513033342
2024-06-21,-0.0002202281173795395,0.0036276401621497508,0.000740789408178985
2024-06-24,0.0008944015936456218,-0.005085166048739229,-0.0006033228085845727
2024-06-25,5.9274150844945694e-05,0.0020846085645707074,0.0005642921649516476
2024-06-26,-0.0015955970933688723,-0.0021985913401376196,-0.0017461824313238948
2024-06-27,0.0004680718384457716,-0.0005937749104839679,0.0002030177581916344
2024-06-28,-0.0007479145026916267,0.0018078339086227992,-0.0001104666805744292
2024-07-01,-0.0006130582399820339,-0.0011933207755291607,-0.0007580634059493389
2024-07-02,0.00038779757099582923,0.0012403721670091795,0.0006007595709965744
2024-07-03,0.0020132447521268304,0.001614369352936955,0.0019135471976550848
2024-07-04,9.560229931615538e-05,0.0009209280444907514,0.0003018280740359401
2024-07-05,0.0014841228071340584,0.001086503658870352,0.001384707433470294
2024-07-08,0.0008331811763346852,0.00032700784070197086,0.0007066620531091646
2024-07-09,-0.0022070245312609815,-0.0004786960624201035,-0.0017751889760010547
2024-07-10,0.0021271450286466376,0.0011962980992191235,0.001894264016982008
2024-07-11,0.002694662286971683,0.0009515410717819863,0.0022588687931684665
2024-07-12,-0.0004711300937716434,0.0031718490839998657,0.0004384542722613222
2024-07-15,0.0004683760278640925,0.00026967441057936285,0.0004186283675668995
2024-07-16,0.0006971724075857111,0.0022080845137141323,0.0010753935407621007
2024-07-17,-4.011763524125467e-05,-0.0003327097531757809,-0.00011344402928196174
2024-07-18,-0.006723660917514751,0.0023604003454655493,-0.004447607172213139
2024-07-19,-0.001931918791324816,-0.0007005659243069854,-0.0016212878127362092
2024-07-22,0.0002186019661281069,-0.0034478988381588687,-0.0007071920145273224
2024-07-23,0.0009559921168145191,-0.007979935811638798,-0.0012941475355087236
2024-07-24,0.0006340985863917403,-0.0029287044283437835,-0.0002570384381825556
2024-07-25,0.00023378403813234527,-0.002750280841589212,-0.0005106029901976476
2024-07-26,0.0011393120919711563,-0.001490412759382574,0.0004847865829946007
2024-07-29,0.0005192292119282627,0.003535927691515619,0.001268588200330848
2024-07-30,0.00102255138580154,-0.002813130443138459,6.759634550116507e-05
2024-07-31,0.0016010190939819147,0.0016954520613429904,0.0016244619857477356
2024-08-01,0.0005659511940065975,0.0024099789329909173,0.0010237617212351942
2024-08-02,-0.0014436103732721195,0.003397408847758222,-0.00024008257161180473
2024-08-05,-0.0014276408114249906,-0.009527739862918494,-0.0034487366314911744
2024-08-06,0.0009340277104381567,-0.002900203851192422,-1.6834493474835724e-05
2024-08-07,0.0002237581993878024,-0.0018229176196980306,-0.00028233936149408905
2024-08-08,0.0004492622812526381,0.0010090696970247296,0.0005874769264402593
2024-08-09,0.0008069289815877401,0.0031487289519049623,0.0013853554549281416
2024-08-12,-0.00014199607629516997,0.0023639857338039615,0.000478073425391335
2024-08-13,0.0012611881588677765,0.0015508099393064167,0.0013329860279772104
2024-08-14,0.001027712633342226,0.0012822226181023347,0.001090819936952518
2024-08-15,-0.0007652435106275668,0.0,-0.0005754604345726379
2024-08-16,-0.00028655227832441454,0.0010709549320678834,5.030812349788056e-05
2024-08-19,0.0008044549865100503,0.00436249643791704,0.0016882709339146877
2024-08-20,0.0008684259417370832,0.0028011705477088097,0.001349800573217405
2024-08-21,0.0009441612843175129,-0.001988725989353342,0.00021262964085338608
2024-08-22,-0.0011718193836793844,-0.00020260308048367532,-0.0009306059061375396
2024-08-23,0.001668025712157295,9.937092362697245e-05,0.0012773426477651366
2024-08-26,0.0,0.0024785274028134973,0.00061656617574601
2024-08-27,-0.0014359376622845588,-0.0008438362735137573,-0.0012883705967483064
2024-08-28,0.00046476406239848167,-0.00031611289942596644,0.0002700625897717916
2024-08-29,0.00023675401106260097,0.0003165226903860871,0.0002566316340589899
2024-08-30,0.0002911486561651966,0.0011416847431219605,0.000503107135623875
2024-09-02,-0.0009898335764749744,-0.0008185570178220935,-0.00094712323125523
2024-09-03,0.0008335707428865913,0.0004809814394793333,0.0007456360661920131
2024-09-04,0.0013301678321340216,-0.002241142697483699,0.0004397296282193249
2024-09-05,0.00040624400798683347,0.0009501702804120054,0.0005414982418494047
2024-09-06,0.0007562946151080663,-0.00012062793839071051,0.0005370639767333721
2024-09-09,0.0010436195027490047,-0.002880630121196995,6.320198722771639e-05
2024-09-10,-0.00044464933673316054,0.0012834626365108958,-1.4176233759903057e-05
2024-09-11,0.0004081646731168842,0.0015649548618073819,0.0006966953125145977
2024-09-12,-0.0009663783345080779,-0.0005378299247387384,-0.00085939555329622
2024-09-13,0.0015881174012442045,0.0046629569584345975,0.00235596708094862
2024-09-16,0.0004837434065285695,0.0017896085249562784,0.000810594903848678
2024-09-17,-0.00019305994792240266,-0.0008340073238722773,-0.0003536427972020993
2024-09-18,-0.0009846493690475189,-0.00045364812018001727,-0.000851676333060866
2024-09-19,0.002518125084861378,0.00139427707579412,0.0022365795805889834
2024-09-20,-0.001691386766798475,0.0023213935624984213,-0.0006869531075209564
2024-09-23,0.0015878527135548826,0.00037149582357570173,0.0012824714878281076
2024-09-24,0.0013536237498090742,0.0013391598547786415,0.001349995716456377
2024-09-25,-0.0012468575892423672,0.003120372057383651,-0.00015142075658731893
2024-09-26,0.001771770458618871,0.0012173949370621038,0.0016322608332980022
2024-09-27,0.0015225597614216824,-0.0008844931426635502,0.0009170713373129547
2024-09-30,-0.0006374245015027258,0.0012677500164178172,-0.0001590449843988489
2024-10-01,0.0012845387822295606,-0.0009454281969924792,0.0007238065125090409
2024-10-02,-0.0006340546846529405,-0.00073741278729613,-0.000660001055814751
2024-10-03,-0.0004535719695817342,0.0008579267386615336,-0.00012436704575779215
2024-10-04,-0.0015613876420240702,0.000999935333506901,-0.0009178273373000456
2024-10-07,-0.0007997788700649933,-0.0006961608863696474,-0.0007736937475803033
2024-10-08,-0.0007144553152607092,-0.0011136372640842822,-0.0008149544526659182
2024-10-09,9.778427031670311e-05,-0.0013350927293723886,-0.0002628529193865524
2024-10-10,0.0005395372967971213,0.0004488581671421472,0.0005167389738431483
2024-10-11,0.0002505786846547231,0.0025294604235952907,0.000823490634203503
2024-10-14,-6.621347184931903e-05,0.0024291484854980735,0.0005621910415131126
2024-10-15,0.0011409476910326788,0.0002638821876568765,0.0009196650357310503
2024-10-16,0.001338235604445126,0.0018507990328087622,0.0014674700624620106
2024-10-17,0.0008597364531977014,0.00022181809095435305,0.0006988342409654586
2024-10-18,0.0014252515815065259,0.003929190382284543,0.0020565192572566376
2024-10-21,-0.003027722719422421,0.0035720515660895564,-0.0013607450248653075
2024-10-22,-0.0010430076545593359,-0.0010335097660436065,-0.001040596818391757
2024-10-23,0.0009048005138247994,0.0010115063301143086,0.0009318856986867628
2024-10-24,0.0016946194844467133,-0.001801126735176121,0.0008072220812134898
2024-10-25,-0.0009601049588104926,-0.000653509098100284,-0.0008824782472780573
2024-10-28,0.0008240746234515761,0.0012653052895766144,0.000935814993898399
2024-10-29,-0.002015979957669334,0.002847899877423421,-0.0007838111984477673
2024-10-30,-0.002408708511891011,0.0013611763212114506,-0.0014502108733548563
2024-10-31,-0.0007686171066810799,-0.0016808370124393507,-0.0010012030875838679
2024-11-01,0.0005825455404135926,-0.0014391525243675981,6.742991126845922e-05
2024-11-04,0.0002195203593675643,-0.001028508779616068,-9.799037130080486e-05
2024-11-05,-0.00026794297685439616,-0.000454954530231587,-0.00031547625568868596
2024-11-06,0.0018206797940456543,-0.0013639665977306517,0.0010113417516957703
2024-11-07,-0.00019741595718569815,-0.0059150066316564325,-0.001647022138711185
2024-11-08,0.0012988752238298762,0.003911836716154175,0.001958518866294507
2024-11-11,0.0020023450453323655,-0.003776614794209026,0.0005405991574347318
2024-11-12,-0.0014757370167193251,-0.0047869686978849685,-0.002309675065842686
2024-11-13,-0.0006381023391784924,-0.0008804342585969896,-0.0006989824082141854
2024-11-14,0.002242403238428725,-0.0061172403840823635,0.000142625090515016
2024-11-15,-0.0005248742667870454,0.0008702546084769765,-0.00017663864338156332
2024-11-18,-0.0008826440474802855,0.0035548277751832826,0.00022614513249094267
2024-11-19,-8.232316273659723e-05,0.004002051700713663,0.0009416341871671556
2024-11-20,-0.0006079649406633969,-0.0009261080608409281,-0.0006879676426964504
2024-11-21,0.0008978518494839882,0.0030963747468086174,0.0014505774823554613
2024-11-22,0.002328969447515261,0.0045172301877765345,0.002880019211569117
2024-11-25,0.0015126586690747956,-0.003761312853126233,0.00018239434460322866
2024-11-26,-0.00031261911173474655,-0.003627538959121377,-0.0011454510907047194
2024-11-27,0.0003242360049200421,0.0016578562256172476,0.0006584587457247911
2024-11-28,0.001288785036737794,-0.0001572295626596918,0.0009260328550519313
2024-11-29,0.0017574851312995854,0.001981660720706168,0.001813661724933081
2024-12-02,0.0014142906999849991,-0.0014424171124617338,0.0006983027281295003
2024-12-03,-0.0005297319333635864,0.002167474411135251,0.00014483341369526476
2024-12-04,0.000818516761778465,0.00025893397572612775,0.0006786210652653807
2024-12-05,-0.00036737494845862084,-0.0004098252716093728,-0.000377983078303669
2024-12-06,0.0009759228932282316,-0.000557204010901795,0.0005928141205250486
2024-12-09,0.0002341923937578816,0.0013587082393415554,0.0005148715315244833
2024-12-10,0.0002945757053640641,0.0012595202746321713,0.0005356289886255898
2024-12-11,-5.747216010099088e-05,0.0004814152234240013,7.724496334799138e-05
2024-12-12,-0.0013285797151659784,0.0022861094346337484,-0.0004245739078734312
2024-12-13,-0.001563359405540865,-0.00343941964303256,-0.002033819925825981
2024-12-16,-0.0005886544852472531,-0.000246314281017261,-0.0005029265839915026
2024-12-17,-0.0004181567063894498,-0.001398516086880127,-0.000663718661259265
2024-12-18,-0.00010607312067223429,0.0018359522642431153,0.0003800107695152337
2024-12-19,-0.002538728805873025,-0.00359950071364415,-0.002804623666436502
2024-12-20,0.0010326187045459623,-0.0034177160068131116,-8.202043572346906e-05
2024-12-23,0.00017319869821430522,0.002697391697513375,0.0008033037425812711
2024-12-24,-0.00043560431497424723,-0.00117540564178331,-0.0006206277158047979
2024-12-27,-0.0007367954883900074,0.0020604576991261167,-3.7594268659680826e-05
2024-12-30,0.00048399257417885977,-0.0002737815864425751,0.0002941819820214506
2024-12-31,0.0005632264926629382,0.0007786926985238674,0.0006171667675331004
2025-01-02,0.00026853675079552275,0.000902717301930711,0.00042732450667299347
2025-01-03,-0.002562611170469409,0.0021760255199149317,-0.0013755753409933021
2025-01-06,0.00046275012718210995,-0.0012707369744449578,2.6964547805574213e-05
2025-01-07,-0.00037755083165269543,0.0017212187333202195,0.00014937933509047988
2025-01-08,-0.0006876167048609494,0.002652077559922175,0.0001521855166496637
2025-01-09,-6.43828808688518e-05,0.0011276745632891052,0.0002361220913076973
2025-01-10,-0.001769019895555446,0.002746850559011431,-0.0006296023951027333
2025-01-13,-0.001556628433823204,0.0006278224313995301,-0.0010035986556291654
2025-01-14,0.000375849116577065,-0.0021201576667579758,-0.00025708812198953234
2025-01-15,0.0033380394764184196,0.0010131226315109462,0.0027495858726832682
2025-01-16,-0.006491858410918594,0.002362560902973863,-0.004254620515381498
2025-01-17,0.0014519940976778223,0.0021352817453299013,0.0016257870612972256
2025-01-20,0.0009475417380726547,0.000902587810080764,0.0009361019726166067
2025-01-21,0.000351934640815621,0.0006837385543299627,0.0004363684606139046
2025-01-22,-0.0004324050951393099,0.004135690026096416,0.0007303210633803133
2025-01-23,-0.0002675569443668646,-0.0009211257154160755,-0.0004344771618340751
2025-01-24,-0.0010327199060554682,0.0023494619458851616,-0.00016933766355914023
2025-01-27,0.0008227970334948598,0.00033790479898232294,0.0006987049442640092
2025-01-28,0.00013381660718581045,0.001149217486314765,0.00039358110184325204
2025-01-29,-0.00016789886269052978,0.0019510541412828195,0.0003745908356761114
2025-01-30,0.002567817933265548,0.0016446861273347357,0.0023311073150242213
2025-01-31,0.00267565041513107,0.003948159430446001,0.0030017253194348052
2025-02-03,0.0005431965030155972,0.0018178464640884818,0.0008701282178586532
2025-02-04,0.00037597649566123437,0.001560909683886277,0.000680184765034272
2025-02-05,0.0006233140720959263,0.0035758872574632853,0.00138199626176234
2025-02-06,0.0008859564993606295,0.000424337682557486,0.0007670807793920373
2025-02-07,-0.0005847829924472414,0.0018521825055113385,4.25675451808805e-05
2025-02-10,0.0010489792756096517,0.003436422185140823,0.0016646933077300505
2025-02-11,-0.0012979392930032585,-0.0016375648087816324,-0.0013856825723432386
2025-02-12,-0.0009711502451633658,-0.0008074811797981289,-0.0009288765125088098
2025-02-13,0.0022963302127865237,0.0014221180388649566,0.002070504384772168
2025-02-14,-0.00021717369766383054,0.0034713741341799403,0.0007350326695128846
2025-02-17,-0.0005311019383280602,-0.0030310182922812377,-0.0011782252184572815
2025-02-18,0.0003253426962877004,0.001956271880532986,0.0007467385860006591
2025-02-19,-0.00290829434926021,0.0028756751204353165,-0.001412038822291997
2025-02-20,0.0009956626727336548,-0.001534011683122599,0.00033845115555331624
2025-02-21,0.0016802836839715507,-0.0010968370564057735,0.0009601359104259768
2025-02-24,0.0006333071692210535,0.0028053980821153798,0.0011954044259285324
2025-02-25,7.44961605669836e-05,0.000991735510472106,0.00031224256658970507
2025-02-26,0.0011429255770569746,0.0007668339648528585,0.0010453772472181827
2025-02-27,0.00016225822075122132,-0.0038404498045705882,-0.0008756506937329921
2025-02-28,0.00021331182894646084,-0.0017326145624911202,-0.00028977285768918507
2025-03-03,-0.0011496070244990664,0.0007305876687653567,-0.0006642176558301767
2025-03-04,-0.0009060648944647642,0.005920687647687024,0.000858783215920789
2025-03-05,-0.003585329290301198,-0.0022789780900551765,-0.0032459041100388105
2025-03-06,-0.0011642666795997902,0.00024147142212702088,-0.0008128321541680875
2025-03-07,0.0012175411767765265,0.0006868452239516527,0.0010847271961196957
2025-03-10,0.00016718168492557695,0.0008959807418672042,0.0003495012074306138
2025-03-11,-0.0011928762476034471,-0.0019974309591002425,-0.0013942570841161332
2025-03-12,0.000140956728525099,-0.0011973455028295296,-0.0001938193054734424
2025-03-13,-0.0015468667684819248,0.0038873366484584193,-0.00018886629945623324
2025-03-14,0.001541008508518793,-0.00039474395442304746,0.0010552942457381779
2025-03-17,0.0018130649884258165,0.003226874673019208,0.0021673007904441863
2025-03-18,0.00036737002456477263,0.0026084764698785265,0.0009294820989478036
2025-03-19,0.0003660540939660617,0.0005187884826102237,0.00040442704071849743
2025-03-20,-0.00021701383059802293,0.0014900135746022617,0.00021190830260471645
2025-03-21,0.00035839701025941473,-0.0012614224695636827,-4.913261337138224e-05
2025-03-24,0.0002976789578621464,-0.00320638294356752,-0.0005828375439549205
2025-03-25,-0.0001350921384434267,0.0002733447520373038,-3.272769340428118e-05
2025-03-26,0.00045344807463520986,0.00021877277232507252,0.00039461460370507107
2025-03-27,3.079872837941089e-05,0.0010388621245975963,0.0002834774007532694
2025-03-28,0.0005661272921910765,0.0019849042642438725,0.0009220229706778084
2025-03-31,-0.0017133097767519923,1.2820330199230598e-05,-0.0012798557471019269
2025-04-01,0.0013615146235907982,0.005099917008038484,0.002301491825291103
2025-04-02,-0.0005173705138667994,0.0005413670497727456,-0.0002504201865966126
2025-04-03,-0.0001088864200489148,-0.0012083316776046737,-0.0003863203441961256
2025-04-04,-0.0027268987369840625,-0.005749836386110529,-0.0034890792909978924
2025-04-07,-0.0035115039739995746,-0.008880540586160014,-0.004862140992423561
2025-04-08,0.0022495321607105545,-0.007239341669850937,-0.00012785388651650065
2025-04-09,-0.0017922656312941987,0.007353056828436091,0.0004827487624459285
2025-04-10,0.004526809316497404,-0.002690079227526765,0.0027191889414444415
2025-04-11,-0.00047256863394862236,0.012523549838988282,0.0027650202824712417
2025-04-14,0.003577329253937389,-2.0650952527357744e-05,0.0026722788431066554
2025-04-15,0.0009964573551137779,0.0012656690574088631,0.0010639940739768834
2025-04-16,0.0014869703527544686,0.0063204222850075115,0.0026997751654795647
2025-04-17,0.002093867282248585,0.0012325926300958887,0.0018769767760472942
2025-04-22,0.000634158987572464,0.0060273984996263505,0.0019914381012328107
2025-04-23,0.0004717354634979909,-0.007442005476488549,-0.0015278827590988722
2025-04-24,0.001851547450581581,0.001095518589426041,0.0016616480553791379
2025-04-25,-0.0010921712000708794,-0.0002768551842005587,-0.0008874957981568086
2025-04-28,-0.00025308291778058933,-0.003734707597035487,-0.0011276376272230234
2025-04-29,6.726568376125286e-05,0.004494198446655609,0.0011763714428377652
2025-04-30,0.0011271149124378876,-0.0036545071057911983,-7.482323342723795e-05
2025-05-01,7.370096885561672e-05,0.0,5.524135848642689e-05
2025-05-02,8.772969368076033e-06,-0.0008934489940932481,-0.00021719076211417122
2025-05-05,0.0,0.00409208028882049,0.0010241784428445437
2025-05-06,0.00010276397924835479,0.006717095186252934,0.0017632927186041199
2025-05-07,0.0013429527624595483,-0.0010907667647561494,0.0007289457732613261
2025-05-08,-0.0001697801424579426,-0.001142814350263367,-0.00041482210504885104
2025-05-09,-0.0004453829104403839,-0.000461774936097164,-0.00044950795428855576
2025-05-12,-0.0020876207606073116,-0.009619500022296416,-0.003982990592609943
2025-05-13,0.0005346328963142799,0.0037560692119773787,0.0013407079672352875
2025-05-14,-0.0008227403848227732,-0.001511381327646318,-0.00099546931851124
2025-05-15,0.001755780723732503,-0.004871971271701753,9.422786384088197e-05
2025-05-16,0.0011382854408790166,0.0019551459637259165,0.0013420524444787366
2025-05-19,0.00022663400778966114,0.0034955368390724257,0.0010425656720821042
2025-05-20,0.0008143742073318805,-0.0011252439076821024,0.00032905116855571975
2025-05-21,-0.0006960807719990081,0.005450634931547183,0.0008396884487317695
2025-05-22,-0.0006307698091979619,0.00034999903052311527,-0.0003845938007558318
2025-05-23,0.0005956586906628036,-0.001204925859127981,0.00014337427787529302
2025-05-26,0.0,0.0011309260441174892,0.0002836915738695939
2025-05-27,0.002208781740806298,-0.0008737346515794378,0.0014348809060096863
2025-05-28,-0.00023093064481494174,0.002298658060510395,0.000402687339520682
2025-05-29,0.0016274774779714285,-0.003145800291503633,0.0004295884440994334
2025-05-30,-0.00011936108636934062,0.0014086709260491112,0.00026273927570840544
2025-06-02,0.0002953385263169128,0.003201877564129637,0.0010229816222795097
2025-06-03,0.0005728715195931766,0.0018990257724076929,0.0009055928034384223
2025-06-04,-0.00018296468479750416,0.0005835573501731464,9.540319160135244e-06
2025-06-05,-0.0018215332456812394,0.00216580103890035,-0.000824699674535842
2025-06-06,0.0008410293165428406,-0.0009611861872466612,0.00038912694680561346
2025-06-09,0.0006874639402993932,-0.002717940508969968,-0.00016528265674050832
2025-06-10,0.000721267771405909,0.0011374689626765875,0.0008252225382056878
2025-06-11,0.0002330624116611002,0.00025909339486488147,0.00023956621102881538
2025-06-12,-4.778245721703822e-05,0.0022438921387450224,0.0005247999399418202
2025-06-13,-0.002882913643893925,0.0061946335780619565,-0.0006109618144689315
2025-06-16,0.0016976913562525286,-0.001723838159465755,0.0008355106337645123
2025-06-17,-0.0009107652443522962,-0.0013931583769043144,-0.001032011162985021
2025-06-18,0.0006952691031134606,0.0002465846560904754,0.0005825363812678953
2025-06-19,-0.0012539888475716632,-0.0001624877575457174,-0.0009798394414386536
2025-06-20,0.0009303285223540847,-0.0016260488549935195,0.00028772474290923706
2025-06-23,4.376551089557701e-05,0.0013994754179069812,0.000383902122892181
2025-06-24,0.0011973875708579662,-0.005683394400787639,-0.0005306973219176123
2025-06-25,-0.0003475809946817954,0.001062328761337957,4.687517371606404e-06
2025-06-26,0.0007974237584342792,-7.256196727407752e-05,0.000579826349748477
2025-06-27,0.0005167913137422708,-0.004206114906534481,-0.0006637132150285538
2025-06-30,7.605499350860079e-05,0.0015163625268174833,0.0004347880231236774
2025-07-01,0.0009095448976061959,0.002894702637648191,0.0014045166542422465
2025-07-02,0.0006342481490311247,0.0007501521854197484,0.0006631902296743606
2025-07-03,0.0013344733492943739,3.405253522465521e-05,0.0010097205964858282
2025-07-04,-0.0001655620502961641,-0.0008988881229728983,-0.0003485163198626579
2025-07-07,-0.0005015051407940563,-0.0007703533792738221,-0.000568541967095346
2025-07-08,-0.00043000499637679823,0.0005852103404311711,-0.0001769139881491979
2025-07-09,0.0010960710093337322,-0.0017532580986373148,0.0003851979109797776
2025-07-10,-0.0009140330414082465,0.0028877374593763443,3.243511217253898e-05
2025-07-11,-0.0004998346683733335,0.0021722242097668835,0.0001672859562822123
2025-07-14,0.0006411642804036166,0.0007134230863674639,0.0006592409675346816
2025-07-15,-0.00012141056924053206,-0.0008964065449591053,-0.0003152986102999606
2025-07-16,0.0002209255665108767,-0.0010608833690702551,-9.957023541121515e-05
2025-07-17,-0.005982774878407482,-0.0005364601462067323,-0.004622320289704092
2025-07-18,-0.00022351040123624877,0.002752845106995981,0.0005230160094124751
2025-07-21,0.0018296678853295667,0.0013493100617586531,0.001708916517039573
2025-07-22,0.0007536449096019471,0.0018532725782468118,0.0010299678327319538
2025-07-23,0.0003474317269149818,0.00261479807377694,0.0009176616376097531
2025-07-24,-0.0022302712108511757,-0.0029264027777822187,-0.0024056412435798677
2025-07-25,-0.00025946579284363835,-0.0003517705413170208,-0.00028270714172205704
2025-07-28,0.0003941634321933396,-0.0014424232077038207,-6.823750341999137e-05
2025-07-29,-0.00028458943394071845,-0.0006390864035989216,-0.00037371915718046716
2025-07-30,-0.0004452667007570632,0.003092520891760569,0.00044398863444204944
2025-07-31,-0.00016434624559424904,-0.0017371209888300545,-0.000560724174937236
2025-08-01,-0.0006118726609775083,-0.0002970561017913278,-0.0005326245322917385
2025-08-04,0.0020470224376054613,0.002980294617989313,0.0022820085069035372
2025-08-05,0.0003176556759107996,0.0012684007750914834,0.0005572079830077276
2025-08-06,-0.00013020011822362232,0.00023817791963198342,-3.7316616893286054e-05
2025-08-07,0.0007001137727082885,-0.00029499376820106424,0.00044913644031125414
2025-08-08,-0.0007576113903642323,0.002950775686814679,0.00017698993776460253
2025-08-11,-0.000601944401175114,-0.003621445356084798,-0.0013650405570416646
2025-08-12,-0.00021923127761358518,-0.0007661033623070594,-0.00035712593997009874
2025-08-13,0.0018319068264858185,0.0009962095804855189,0.0016212706537160446
2025-08-14,-0.0002575673021182334,0.001307640303946007,0.000136694613784978
2025-08-15,-0.0013761072547384678,0.0,-0.0010290722119060413
2025-08-18,0.0005224081892429844,-0.00032366114065293775,0.00030882151702102135
2025-08-19,0.0005428181100373131,-0.0017578293001843453,-3.7603504070187214e-05
2025-08-20,0.0006728063737022616,0.0012479142112662767,0.0008176485499894982
2025-08-21,-0.0012998838592992445,0.0025731476480602765,-0.0003240329871526894
2025-08-22,0.001772868540848016,-0.0002669812393707452,0.0012574174919573384
2025-08-25,0.0,0.003021999702463051,0.0007624685741096297
2025-08-26,-0.0009599927970884714,0.0004849295504935162,-0.000594607146052842
2025-08-27,-0.00034620203109625436,-0.0004052611402572879,-0.00036115277266926554
2025-08-28,0.000292537440179208,0.0022646496631784268,0.0007917532196427251
2025-08-29,-0.0007117785373329522,0.0028305762783117083,0.00018624440901256136
2025-09-01,-0.0006592597230061781,0.004530414947391756,0.0006598538765142159
2025-09-02,-0.002102716045566666,-0.0008164157629843294,-0.0017811409749210819
2025-09-03,0.0012842481924963955,0.0033191154292650346,0.0017934566493138498
2025-09-04,0.0013224128154418757,0.0017053543360249664,0.0014183866576661151
2025-09-05,0.0010654566340375649,0.0035994785085187993,0.0017007220574384563
2025-09-08,0.0013155248656147034,0.003414543778816913,0.0018427348790947804
2025-09-09,-0.0005110967451034121,0.0036774541170018207,0.0005425910034679527
2025-09-10,-0.0002960847132925659,-0.0020954465139210797,-0.0007501572353306397
2025-09-11,-0.0001712038550857331,-0.0014397707969571788,-0.0004908982563578174
2025-09-12,-0.0005323330431823425,0.0029515678506319937,0.0003448191321365411
2025-09-15,0.00107223314349425,-0.0020684147726754867,0.00027944227487841547
2025-09-16,-0.0008053591164779439,0.003963291324000774,0.00039556149983453466
2025-09-17,0.00010864836993396132,-0.004690746249793631,-0.001104325233743685
2025-09-18,0.0011736912406434818,0.00029059519327524004,0.0009513035526291586
2025-09-19,0.0002395577877991606,0.00011228211246616932,0.00020752745543922978
2025-09-22,-2.234311089821528e-05,0.006534248462748638,0.001627538599781478
2025-09-23,0.0007636535158339619,0.005449755269635752,0.0019486271629162223
2025-09-24,-0.0003249358202355168,-0.0012543457052199745,-0.0005607767524703126
2025-09-25,-0.0019353147090458434,-0.0021361847878974454,-0.0019862508054587225
2025-09-26,0.0008471314345697145,-0.0009547856475752487,0.0003902747736529965
2025-09-29,0.001881469087573251,0.006439294742468399,0.00303550294405766
2025-09-30,-0.00011384722720109153,0.0009330959986631599,0.00015213661307783197
2025-10-01,0.0015576673836565913,0.005837098605472672,0.002645738180340103
2025-10-02,0.0015781850581988444,0.0027152674156960066,0.001868215218226906
2025-10-03,0.0008570668245924118,-0.0030791032186499277,-0.0001477620854649183
2025-10-06,-0.0009704904762602995,0.008137753757703986,0.001347853183000651
2025-10-07,-0.00019193576936649137,0.0023408366457591005,0.0004571083537549288
2025-10-08,0.0011960357453528747,0.005966660380928881,0.0024208500532666493
2025-10-09,0.000555519417607897,-0.0005021065374244043,0.0002830231230583671
2025-10-10,-0.0011730261572371337,-0.0022703240500031112,-0.0014555219805334444
2025-10-13,0.0007561798653878959,0.004670359103767943,0.0017630504898770833
2025-10-14,0.0005386417520449882,0.0069180353673720255,0.0021844185726214637
2025-10-15,0.001100733396652398,2.3716595278348913e-05,0.0008215687016196525
2025-10-16,0.0004948425120967492,0.0007498712934186639,0.0005608937337626325
2025-10-17,-0.0016622780167023787,0.009992700844525446,0.0013568752980408602
2025-10-20,0.002047053034823776,-0.009886515704567111,-0.0010709272687806865
2025-10-21,-0.00010248549921587635,0.002369056011849634,0.0005375753444835214
2025-10-22,0.00011585262669511209,4.062214450713356e-05,9.633435119113965e-05
2025-10-23,0.0015925072718701028,-0.011690322190902273,-0.001853482637367837
2025-10-24,0.0001342455825936728,-0.0027971596412574725,-0.000618759685078854
2025-10-27,0.0003187150144952078,-0.00130690954664637,-9.79573749344614e-05
2025-10-28,0.0006169137770291044,-0.008750098186694946,-0.0017810915049117255
2025-10-29,0.0002465404772848956,0.006336123396646506,0.0017946225239385875
2025-10-30,-0.0006396331620701634,-0.0011640519427201697,-0.000773554268360499
2025-10-31,-0.0006012461168265482,0.0015496761884871964,-5.217858942185009e-05
2025-11-03,-0.001141520280119268,-0.0008854193964227248,-0.0010760404913410962
2025-11-04,0.00012042603515127759,-0.00013840791036771405,5.423482941347277e-05
2025-11-05,-0.0005981692837008223,0.0004553876289860983,-0.00032879669897350013
2025-11-06,-0.0012187700665323709,0.0018000901532902668,-0.0004463048322823923
2025-11-07,-0.0009931945247845242,-0.0009652322794234901,-0.0009860234720280485
2025-11-10,0.002176686608856837,0.005094094605848363,0.0029248855388055045
2025-11-11,0.0012808078897428299,0.00627828130793301,0.0025652328013109444
2025-11-12,0.0021090206212497353,0.000634372964542387,0.001728610597679196
2025-11-13,-0.0012860961187256548,0.008664126997201487,0.0012779264602442498
2025-11-14,-0.0014102463939724696,-0.004817462945539752,-0.0022947114848594413
2025-11-17,-0.0010119323397760338,-0.00605114808496262,-0.002316733650269683
2025-11-18,-0.0030652761480940427,-0.0032861996963013482,-0.0031222656406509697
2025-11-19,0.0018098325709494656,0.0031835926561984197,0.002164149782543351
2025-11-20,3.2624114807422444e-05,-0.0008758682495642998,-0.00020193061505753885
2025-11-21,-0.0017451692366446947,0.0015475177988225827,-0.0008956357117432894
2025-11-24,0.0019237874730564375,0.0010472715882733547,0.0016970879730659623
2025-11-25,0.0015717205970928738,0.00402424416771726,0.0022056226178037344
2025-11-26,0.001138848833834194,0.00247231040330251,0.0014841331206406918
2025-11-27,0.0010131797786749885,0.00037094568905412145,0.0008467166787597182
2025-11-28,0.0006348643924423136,0.0010154390150226011,0.0007300080480873855
2025-12-01,-0.0009164740580677178,0.005994310997220402,0.0008117149840373527
2025-12-02,3.297380749334167e-05,-0.0031753886066400493,-0.0007735002952868234
2025-12-03,-0.003296723976451865,0.0026729904702723446,-0.0017997461318355907
2025-12-04,0.0017082871955116374,-0.0010483380233477823,0.0010139328140121113
2025-12-05,0.00038253045273983766,0.0026930343103485207,0.0009633142671953903
2025-12-08,-0.0013187945579101745,0.0007949386231213124,-0.0007865541920652642
2025-12-09,0.0002379782511083839,-0.0014268466189923457,-0.00018188999395344417
2025-12-10,-0.0010896730781781994,-0.0001708218878622814,-0.0008582276832519888
2025-12-11,0.002819646430507472,0.001595036331921536,0.002510972545205782
2025-12-12,0.001438718455882837,0.00591083931313591,0.002564926467732737
2025-12-15,0.0027689217878053007,0.0027938720543782066,0.002775225948162849
2025-12-16,-0.0013420724596102662,-0.001747128702615716,-0.0014444195421180598
2025-12-17,-0.002180615572797584,0.0017051321550303961,-0.001199086735437015
2025-12-18,0.0030752670247515823,2.6963494906544998e-05,0.002303035300457699
2025-12-19,0.0007133629793563134,5.950222384761979e-06,0.000534559905027939
2025-12-22,-0.0007416814238733194,0.005194392443149949,0.0007579063147700781
2025-12-23,0.00010867405113801354,0.0039410162154831715,0.0010811030218877491
2025-12-24,0.0002412263532285408,0.0003881845060266193,0.00027862244615367885
2025-12-29,0.0006265354854213534,-0.0012281142447970207,0.00015453546993835296
2025-12-30,0.0025134857639430574,-0.005946321534731582,0.00036347921370918717
2025-12-31,9.789780450741858e-07,-0.00027452314576014624,-6.859651168948042e-05
