,beta_rolling_63j
2021-01-04,
2021-01-05,
2021-01-06,
2021-01-07,
2021-01-08,
2021-01-11,
2021-01-12,
2021-01-13,
2021-01-14,
2021-01-15,
2021-01-18,
2021-01-19,
2021-01-20,
2021-01-21,
2021-01-22,
2021-01-25,
2021-01-26,
2021-01-27,
2021-01-28,
2021-01-29,
2021-02-01,
2021-02-02,
2021-02-03,
2021-02-04,
2021-02-05,
2021-02-08,
2021-02-09,
2021-02-10,
2021-02-11,
2021-02-12,
2021-02-15,
2021-02-16,
2021-02-17,
2021-02-18,
2021-02-19,
2021-02-22,
2021-02-23,
2021-02-24,
2021-02-25,
2021-02-26,
2021-03-01,
2021-03-02,
2021-03-03,
2021-03-04,
2021-03-05,
2021-03-08,
2021-03-09,
2021-03-10,
2021-03-11,
2021-03-12,
2021-03-15,
2021-03-16,
2021-03-17,
2021-03-18,
2021-03-19,
2021-03-22,
2021-03-23,
2021-03-24,
2021-03-25,
2021-03-26,
2021-03-29,
2021-03-30,
2021-03-31,-0.007799789480915846
2021-04-01,-0.011122891266816256
2021-04-06,-0.012715353080003801
2021-04-07,-0.0022092226099128093
2021-04-08,-0.006869151255421229
2021-04-09,-0.006829018582268248
2021-04-12,-0.008894143618242732
2021-04-13,-0.009175702480649129
2021-04-14,-0.008341259061717218
2021-04-15,-0.007490168057682961
2021-04-16,-0.006894897899898681
2021-04-19,-0.007928935354762936
2021-04-20,-0.008501174475909716
2021-04-21,-0.009279380026628615
2021-04-22,-0.004012770527899028
2021-04-23,-0.003829378808679997
2021-04-26,-0.005197776915496533
2021-04-27,-0.005284567746457082
2021-04-28,-0.005402602564459489
2021-04-29,-0.00387686315031774
2021-04-30,-0.011776130247898274
2021-05-03,0.006195834269391877
2021-05-04,-0.009648829542388795
2021-05-05,-0.015484884855799201
2021-05-06,-0.016112182784744564
2021-05-07,-0.017883089337551474
2021-05-10,-0.012591899155037644
2021-05-11,-0.008019633244445563
2021-05-12,-0.008233464263383073
2021-05-13,-0.010942540538338286
2021-05-14,-0.012122454215492608
2021-05-17,-0.012975805549738763
2021-05-18,-0.012533312898791697
2021-05-19,-0.012148300681427832
2021-05-20,-0.055772469455562156
2021-05-21,-0.047165015563623486
2021-05-24,-0.04154850189185892
2021-05-25,-0.04790576089941401
2021-05-26,-0.04293248017331084
2021-05-27,-0.04044447820487745
2021-05-28,-0.04731729357392865
2021-05-31,-0.029265524051125955
2021-06-01,-0.027828417786635473
2021-06-02,-0.02505895128065891
2021-06-03,-0.03214966819376732
2021-06-04,-0.025929472507857147
2021-06-07,0.01821028173585486
2021-06-08,0.01887141809284539
2021-06-09,0.01608396923188945
2021-06-10,-0.008701257994348652
2021-06-11,-0.010536634609938336
2021-06-14,-0.01043817220467943
2021-06-15,-0.013100701740102439
2021-06-16,-0.005383355105974072
2021-06-17,-0.008985991147444578
2021-06-18,-0.0002787837882977806
2021-06-21,0.003177919715550403
2021-06-22,-0.0006972549053174641
2021-06-23,-0.003290411746197786
2021-06-24,-0.02971160994551671
2021-06-25,-0.041013688066532696
2021-06-28,-0.040527124492241995
2021-06-29,-0.03513616589635187
2021-06-30,-0.040059085011068224
2021-07-01,-0.03395305091698935
2021-07-02,-0.009140665172282628
2021-07-05,-0.07184038607645525
2021-07-06,-0.049733316258419154
2021-07-07,-0.05393104561368285
2021-07-08,-0.06916477863031316
2021-07-09,-0.09286671115340304
2021-07-12,-0.07620610445492673
2021-07-13,-0.11202178430732404
2021-07-14,-0.11162642257362088
2021-07-15,-0.06394218470397905
2021-07-16,-0.07724285393008322
2021-07-19,-0.0788879486058924
2021-07-20,-0.16852925250551634
2021-07-21,-0.13486344251652727
2021-07-22,-0.1260450410834384
2021-07-23,-0.13166877451773282
2021-07-26,-0.13622878685489048
2021-07-27,-0.10861448611292128
2021-07-28,-0.11463582055552234
2021-07-29,-0.11415017686050957
2021-07-30,-0.09708497614223609
2021-08-02,-0.07626407489768705
2021-08-03,-0.08175268579578168
2021-08-04,-0.08540042666368278
2021-08-05,-0.08431847065137228
2021-08-06,-0.10133880471376143
2021-08-09,-0.10411354590001701
2021-08-10,-0.12466597101702027
2021-08-11,-0.10702564811370968
2021-08-12,-0.0941709906267373
2021-08-13,-0.09089426826236967
2021-08-16,-0.10813099586776605
2021-08-17,-0.09068157624110317
2021-08-18,-0.08723682633932893
2021-08-19,-0.09301418618988663
2021-08-20,-0.12597603864880388
2021-08-23,-0.12536354173497202
2021-08-24,-0.1315904543830998
2021-08-25,-0.12161174348103727
2021-08-26,-0.10647345876282553
2021-08-27,-0.07833697196380736
2021-08-30,-0.08206683102165788
2021-08-31,-0.08206451451644071
2021-09-01,-0.1001927929005504
2021-09-02,-0.10402247363054852
2021-09-03,-0.09691356035102822
2021-09-06,-0.10218474044247022
2021-09-07,-0.11401515570095147
2021-09-08,-0.09153703016389668
2021-09-09,-0.10018833324558968
2021-09-10,-0.06779827086092681
2021-09-13,-0.06996206828198726
2021-09-14,-0.06528602887868576
2021-09-15,-0.06883135278645626
2021-09-16,-0.07069659192733711
2021-09-17,-0.06446919642762294
2021-09-20,-0.058186170905687645
2021-09-21,-0.11256123091892431
2021-09-22,-0.10953570673541171
2021-09-23,-0.11228296884753619
2021-09-24,-0.1385471646851683
2021-09-27,-0.12659343216073823
2021-09-28,-0.06828134873115074
2021-09-29,-0.09473883608895056
2021-09-30,-0.1225303736481482
2021-10-01,-0.12669626607108922
2021-10-04,-0.1002752639323012
2021-10-05,-0.07594221090497137
2021-10-06,-0.04995653049604849
2021-10-07,-0.07235394230787671
2021-10-08,-0.07560316615207163
2021-10-11,-0.07267288763385697
2021-10-12,-0.08091365979532898
2021-10-13,-0.07283889382525936
2021-10-14,-0.033281658255118605
2021-10-15,-0.019176117066851798
2021-10-18,-0.029514574261670416
2021-10-19,-0.029273700018652274
2021-10-20,-0.030346835895090525
2021-10-21,-0.03970468227294176
2021-10-22,-0.030221927850896547
2021-10-25,-0.02707936566275932
2021-10-26,-0.028462197932118335
2021-10-27,-0.01687990292613713
2021-10-28,-0.02292223442169261
2021-10-29,-0.02358949156906138
2021-11-01,-0.03345495112924631
2021-11-02,-0.024240283741245594
2021-11-03,-0.024462947264669684
2021-11-04,0.015814300082929483
2021-11-05,0.022972385071552283
2021-11-08,0.02262431579147052
2021-11-09,0.0208161016475014
2021-11-10,0.01685550452274554
2021-11-11,0.017171527073424706
2021-11-12,0.01577958419358285
2021-11-15,0.012535880103735648
2021-11-16,0.010923934694903546
2021-11-17,0.0064309820453082025
2021-11-18,0.005476164247744916
2021-11-19,0.012495908906625768
2021-11-22,0.011585726036737395
2021-11-23,0.008836456460283783
2021-11-24,0.010660800772607337
2021-11-25,0.009974150840812207
2021-11-26,-0.010737880259884959
2021-11-29,-0.020285828583280895
2021-11-30,-0.02061977653855036
2021-12-01,-0.033966541530967134
2021-12-02,-0.03340192026784022
2021-12-03,-0.030586237132779363
2021-12-06,-0.031910201124617094
2021-12-07,-0.00993301559281479
2021-12-08,-0.01655897948469235
2021-12-09,-0.016756818983341526
2021-12-10,-0.015064030483788599
2021-12-13,-0.014698359276632352
2021-12-14,-0.009836661029251157
2021-12-15,-0.010755362146602655
2021-12-16,-0.04464015559973276
2021-12-17,-0.040915681548669355
2021-12-20,-0.038253218610802005
2021-12-21,-0.042792637410453485
2021-12-22,-0.036671871962841975
2021-12-23,-0.03736239149016674
2021-12-24,-0.04146961010571394
2021-12-27,-0.039487555018516377
2021-12-28,-0.03626920705344807
2021-12-29,-0.033881677421370576
2021-12-30,-0.036765697440762586
2021-12-31,-0.03753185188689153
2022-01-03,-0.03816736625379021
2022-01-04,-0.03508318720389835
2022-01-05,-0.03273159687885962
2022-01-06,-0.02630855851348802
2022-01-07,-0.02352674920017718
2022-01-10,-0.021464516059489135
2022-01-11,-0.029230773545133384
2022-01-12,-0.02549884598254968
2022-01-13,-0.02486336472798549
2022-01-14,-0.02141862649594185
2022-01-17,-0.02296884112484932
2022-01-18,-0.02668850099099246
2022-01-19,-0.03152303915062312
2022-01-20,-0.031247171620084842
2022-01-21,-0.038830715457409286
2022-01-24,-0.019607642373154602
2022-01-25,-0.01836839467227144
2022-01-26,-0.013574756980577054
2022-01-27,-0.010160603665317762
2022-01-28,-0.017636968262405312
2022-01-31,-0.01893773043466192
2022-02-01,-0.03507317352703326
2022-02-02,-0.03435242039334325
2022-02-03,-0.033117829091615404
2022-02-04,-0.028156246170879973
2022-02-07,-0.02729351003881571
2022-02-08,-0.027395566272687095
2022-02-09,-0.021142531459310346
2022-02-10,-0.0196980927908806
2022-02-11,-0.021752274491297192
2022-02-14,-0.021796214175019937
2022-02-15,-0.03209898487456779
2022-02-16,-0.03010915786382419
2022-02-17,-0.03205659780901192
2022-02-18,-0.030495244343046297
2022-02-21,-0.028544071996525644
2022-02-22,-0.029454781971286603
2022-02-23,-0.02265980779072714
2022-02-24,-0.03270348780832709
2022-02-25,-0.05438701827280378
2022-02-28,-0.04511085679443285
2022-03-01,-0.05163417627502398
2022-03-02,-0.0535483132246294
2022-03-03,-0.05025192752094661
2022-03-04,-0.051754506799572025
2022-03-07,-0.04777189506915616
2022-03-08,-0.04792478811901953
2022-03-09,-0.05425987328437109
2022-03-10,-0.05668879755694731
2022-03-11,-0.05322082757690154
2022-03-14,-0.05157221321995307
2022-03-15,-0.04089705146275005
2022-03-16,-0.04583747526234959
2022-03-17,-0.04106807873316824
2022-03-18,-0.04014236235087117
2022-03-21,-0.04121763918574297
2022-03-22,-0.041124113865655725
2022-03-23,-0.04191463098848686
2022-03-24,-0.041792489644619096
2022-03-25,-0.04217023605453593
2022-03-28,-0.043149124013047345
2022-03-29,-0.04228514204364288
2022-03-30,-0.04266364871646315
2022-03-31,-0.041822418817172774
2022-04-01,-0.04160165909224527
2022-04-04,-0.04150188394850707
2022-04-05,-0.04226155755876453
2022-04-06,-0.04188780924384197
2022-04-07,-0.04242909988848736
2022-04-08,-0.04067753739553541
2022-04-11,-0.042293282723417314
2022-04-12,-0.04236088173566491
2022-04-13,-0.04334721269155821
2022-04-14,-0.04318919460330245
2022-04-19,-0.042006736957438534
2022-04-20,-0.042619829625594984
2022-04-21,-0.0419277477179921
2022-04-22,-0.04088009394069871
2022-04-25,-0.04859812174222537
2022-04-26,-0.048354924263287205
2022-04-27,-0.04927506475523442
2022-04-28,-0.04828602375997838
2022-04-29,-0.046971835000005284
2022-05-02,-0.04683310284631067
2022-05-03,-0.04712610825292916
2022-05-04,-0.049016834688732684
2022-05-05,-0.049303785662090774
2022-05-06,-0.051415190480296545
2022-05-09,-0.049626463723553074
2022-05-10,-0.053897250746261005
2022-05-11,-0.05320033076422619
2022-05-12,-0.054101226970511826
2022-05-13,-0.051291814821854936
2022-05-16,-0.05192272106097928
2022-05-17,-0.04757440165694332
2022-05-18,-0.04915597881364524
2022-05-19,-0.048121331834860816
2022-05-20,-0.050531809576737245
2022-05-23,-0.052208153012712775
2022-05-24,-0.05246912208636193
2022-05-25,-0.0518349452871726
2022-05-26,-0.0452753986883958
2022-05-27,-0.03124468793172223
2022-05-30,-0.032617383481622464
2022-05-31,-0.028528825673020366
2022-06-01,-0.026222058756190922
2022-06-02,-0.02897004603050647
2022-06-03,-0.03760895047906731
2022-06-06,-0.04425293671278656
2022-06-07,-0.04382566192009869
2022-06-08,-0.025254185829126936
2022-06-09,-0.013463969052728038
2022-06-10,-0.008440662932230546
2022-06-13,0.010665466141787044
2022-06-14,0.014192573967361564
2022-06-15,0.028300524893782944
2022-06-16,0.006083124083785076
2022-06-17,-0.004680780184614397
2022-06-20,-0.003553060532733307
2022-06-21,-0.0033961474729007606
2022-06-22,-0.003068243449965936
2022-06-23,-0.003353936263487333
2022-06-24,0.0013323849570367006
2022-06-27,0.003853629286162549
2022-06-28,0.006414039806008193
2022-06-29,0.007719275534502646
2022-06-30,0.0056052475728267425
2022-07-01,0.0043287010342200755
2022-07-04,0.003620976976286105
2022-07-05,-0.0019166608182808202
2022-07-06,-0.005512217573256647
2022-07-07,-0.0035959536889753983
2022-07-08,-0.003344153756517735
2022-07-11,-0.004079154346757858
2022-07-12,-0.004646569503168389
2022-07-13,-0.004486425179753641
2022-07-14,-0.0024117288498671312
2022-07-15,-0.0036879573566911254
2022-07-18,-0.0010529859408117596
2022-07-19,0.000600764581727972
2022-07-20,0.0017658605132163504
2022-07-21,0.0017457149961387244
2022-07-22,0.002663615247484225
2022-07-25,0.002746563038222511
2022-07-26,-0.0002702167855857235
2022-07-27,0.0007550535189425466
2022-07-28,0.002714324627896843
2022-07-29,0.003020695000968194
2022-08-01,0.0037812781357101587
2022-08-02,0.005460684575318975
2022-08-03,0.005161124632763944
2022-08-04,0.00764377925400704
2022-08-05,0.015637815524067934
2022-08-08,0.014229339806625396
2022-08-09,0.015365572836996202
2022-08-10,0.0144078038206306
2022-08-11,0.01436996390484464
2022-08-12,0.014625694113056104
2022-08-15,0.015210381108529951
2022-08-16,0.014811175646030359
2022-08-17,0.018267840842494356
2022-08-18,0.018978249287519303
2022-08-19,0.018421736454969997
2022-08-22,0.01661483774733089
2022-08-23,0.0152729081010092
2022-08-24,0.014307185795217402
2022-08-25,0.013515286772330994
2022-08-26,0.015269216111379628
2022-08-29,0.014555137616783844
2022-08-30,0.014560373481391846
2022-08-31,0.014354957901498436
2022-09-01,0.01862368559004439
2022-09-02,0.015376376693357447
2022-09-05,0.010467498207793798
2022-09-06,0.009222877477330882
2022-09-07,0.007158034884458431
2022-09-08,-0.0023116410683126716
2022-09-09,-0.0054691805222375975
2022-09-12,-0.002844165523502764
2022-09-13,0.000589382023091919
2022-09-14,0.011443280974934704
2022-09-15,0.012785337417035286
2022-09-16,0.013309637239291872
2022-09-19,0.013695503096116942
2022-09-20,0.0134066305545834
2022-09-21,0.00979323770085769
2022-09-22,0.01681185881632813
2022-09-23,0.018547539871533146
2022-09-26,0.018224405405644236
2022-09-27,0.02029006045768175
2022-09-28,0.023855923518479722
2022-09-29,0.028571548296113088
2022-09-30,0.030589597349807818
2022-10-03,0.03605014568723582
2022-10-04,0.03488597882148311
2022-10-05,0.029204597275329192
2022-10-06,0.03059434231931658
2022-10-07,0.03287287487033582
2022-10-10,0.03310577325887564
2022-10-11,0.030972237325742964
2022-10-12,0.034663243505586375
2022-10-13,0.033541977937520104
2022-10-14,0.03222487162780549
2022-10-17,0.036056874523441834
2022-10-18,0.037193182908980806
2022-10-19,0.034322666390706226
2022-10-20,0.03314038529290117
2022-10-21,0.03553235132825658
2022-10-24,0.03243008979318474
2022-10-25,0.03452285067371763
2022-10-26,0.037298880691201505
2022-10-27,0.037834669307341834
2022-10-28,0.036627115957991764
2022-10-31,0.0369814981871635
2022-11-01,0.0352742525153666
2022-11-02,0.032170793383374564
2022-11-03,0.031832457149641634
2022-11-04,0.028690369469641302
2022-11-07,0.029608303669491826
2022-11-08,0.02855722567060453
2022-11-09,0.028688187056017486
2022-11-10,0.03620133143830953
2022-11-11,0.03891262232800815
2022-11-14,0.03821202596657548
2022-11-15,0.03862135081252779
2022-11-16,0.03711253200857102
2022-11-17,0.04093201723392138
2022-11-18,0.04074273530408444
2022-11-21,0.041599876912440804
2022-11-22,0.04125452749015623
2022-11-23,0.040678853158690485
2022-11-24,0.040663681200318026
2022-11-25,0.04053520322183491
2022-11-28,0.04029557296379675
2022-11-29,0.03624313050564863
2022-11-30,0.04323632851387785
2022-12-01,0.0541843563513321
2022-12-02,0.05415170046034797
2022-12-05,0.05376233267767912
2022-12-06,0.05237438499843107
2022-12-07,0.056220893922558926
2022-12-08,0.05457632858610987
2022-12-09,0.05878815890938956
2022-12-12,0.059957177869212105
2022-12-13,0.05839689178745433
2022-12-14,0.07853841899159487
2022-12-15,0.07436858582362005
2022-12-16,0.08640008515321876
2022-12-19,0.0852162759869847
2022-12-20,0.07545417012504
2022-12-21,0.0692222409655362
2022-12-22,0.06273928649299959
2022-12-23,0.061671060240370106
2022-12-27,0.06059752565380345
2022-12-28,0.05780880787213089
2022-12-29,0.06366820305078358
2022-12-30,0.06159152374082846
2023-01-02,0.06618397611286576
2023-01-03,0.07858957149321763
2023-01-04,0.0853610001753789
2023-01-05,0.08516796557380764
2023-01-06,0.08595369652381976
2023-01-09,0.09271976844609531
2023-01-10,0.08836948926963635
2023-01-11,0.08519022960835002
2023-01-12,0.088964865252692
2023-01-13,0.0840355956846253
2023-01-16,0.08467305282989859
2023-01-17,0.09072172861418445
2023-01-18,0.09053666275729273
2023-01-19,0.07870251709471884
2023-01-20,0.08311929957867127
2023-01-23,0.07727072995737767
2023-01-24,0.07495345139552763
2023-01-25,0.0720298168696692
2023-01-26,0.0727119177868833
2023-01-27,0.07305943391816194
2023-01-30,0.07401978682534162
2023-01-31,0.0770185730869824
2023-02-01,0.07814217593036729
2023-02-02,0.06431714442887278
2023-02-03,0.06437210897570218
2023-02-06,0.05947634529614182
2023-02-07,0.058758131627854614
2023-02-08,0.04547333902908617
2023-02-09,0.03957742969168412
2023-02-10,0.03682443112837623
2023-02-13,0.033482005318490715
2023-02-14,0.03948570747060218
2023-02-15,0.039304618688319415
2023-02-16,0.040586558267904284
2023-02-17,0.041797977027228525
2023-02-20,0.04152703171348171
2023-02-21,0.04479188121651161
2023-02-22,0.04333846805754111
2023-02-23,0.04396304113714614
2023-02-24,0.04663202803603336
2023-02-27,0.04765583976259092
2023-02-28,0.04199779198022142
2023-03-01,0.03844298148079349
2023-03-02,0.03807569171538259
2023-03-03,0.044667757348713866
2023-03-06,0.047823559706774106
2023-03-07,0.04980413449630424
2023-03-08,0.050385691352746405
2023-03-09,0.04811061817729192
2023-03-10,0.040847545353863216
2023-03-13,0.02998875762927052
2023-03-14,-0.002078863006284781
2023-03-15,-0.020846107059788437
2023-03-16,-0.04384643111335176
2023-03-17,-0.054137781738317986
2023-03-20,-0.05464808739956806
2023-03-21,-0.055361354136512136
2023-03-22,-0.06405045951894506
2023-03-23,-0.06136619199173317
2023-03-24,-0.05230958482198809
2023-03-27,-0.05383577035226074
2023-03-28,-0.055819307102026545
2023-03-29,-0.05333915265730767
2023-03-30,-0.04813436488429593
2023-03-31,-0.04659202794345031
2023-04-03,-0.05437005622875291
2023-04-04,-0.05514541904046425
2023-04-05,-0.05595453824529333
2023-04-06,-0.056700996793851634
2023-04-11,-0.05584597669550467
2023-04-12,-0.055167057596499626
2023-04-13,-0.05907068185012965
2023-04-14,-0.05903252833094304
2023-04-17,-0.05950496554567132
2023-04-18,-0.059792925120223384
2023-04-19,-0.05983546465885947
2023-04-20,-0.06298545625709745
2023-04-21,-0.061985671902864255
2023-04-24,-0.06307719756307346
2023-04-25,-0.06596767418079418
2023-04-26,-0.06595866369548332
2023-04-27,-0.06414280467535032
2023-04-28,-0.06368670468399727
2023-05-02,-0.06758916016748348
2023-05-03,-0.06692975088418471
2023-05-04,-0.0723707525371427
2023-05-05,-0.072922100051227
2023-05-08,-0.07191932814918155
2023-05-09,-0.07300584273026696
2023-05-10,-0.07298480181844436
2023-05-11,-0.07554209006298229
2023-05-12,-0.07550053407668116
2023-05-15,-0.08106613928404374
2023-05-16,-0.07888838061765677
2023-05-17,-0.07704931779496654
2023-05-18,-0.0801528960102679
2023-05-19,-0.08385090102993191
2023-05-22,-0.08263253755965894
2023-05-23,-0.08239074010659868
2023-05-24,-0.07630731146782667
2023-05-25,-0.07435715797119001
2023-05-26,-0.07568623371033754
2023-05-29,-0.07795761730375556
2023-05-30,-0.07931878478104099
2023-05-31,-0.06690706323877889
2023-06-01,-0.06331030190151878
2023-06-02,-0.06150658504958481
2023-06-05,-0.06798193032844198
2023-06-06,-0.06855534124741931
2023-06-07,-0.06940109203071289
2023-06-08,-0.06897382089195082
2023-06-09,-0.06957315627473783
2023-06-12,-0.0726464107677085
2023-06-13,-0.07615459620089848
2023-06-14,-0.07167860439512902
2023-06-15,-0.05664388929034214
2023-06-16,-0.03930368973048828
2023-06-19,-0.02662340572329718
2023-06-20,-0.021003023879832324
2023-06-21,-0.013622864057849295
2023-06-22,0.0036017759505368625
2023-06-23,-0.0009760779206577027
2023-06-26,-0.009757657729926969
2023-06-27,-0.004954678582320585
2023-06-28,9.49812025747389e-05
2023-06-29,-0.002851464986239926
2023-06-30,-0.014346979967785941
2023-07-03,-0.017482024262132693
2023-07-04,-0.015574810728076885
2023-07-05,-0.01321273345169271
2023-07-06,0.004492341047407481
2023-07-07,-0.011291529963096406
2023-07-10,-0.014908063856528948
2023-07-11,-0.014209401394951433
2023-07-12,0.007537215879899304
2023-07-13,0.004577600819543642
2023-07-14,0.005156577625297852
2023-07-17,0.004424268521012404
2023-07-18,-0.0014158004697719584
2023-07-19,0.007329587102515567
2023-07-20,0.006949790396479788
2023-07-21,0.006824133793872759
2023-07-24,0.00966448427303796
2023-07-25,0.010406491069722712
2023-07-26,0.00667121150726903
2023-07-27,0.0008602200058130265
2023-07-28,0.00894294534448108
2023-07-31,0.008398332363776692
2023-08-01,0.01391859762949063
2023-08-02,0.013388285121450991
2023-08-03,0.017745024445836654
2023-08-04,0.019333854228695425
2023-08-07,0.01703871160873359
2023-08-08,0.019463791495552236
2023-08-09,0.018879128184710412
2023-08-10,0.01949725585280286
2023-08-11,0.016050090605775967
2023-08-14,0.015326528037305364
2023-08-15,0.017328804181231526
2023-08-16,0.020321330952346176
2023-08-17,0.016948248015480435
2023-08-18,0.018839809581045988
2023-08-21,0.012771982767109879
2023-08-22,0.011851332243910067
2023-08-23,0.015835956941269005
2023-08-24,0.01580920830412516
2023-08-25,0.02001624024490378
2023-08-28,0.011847602292979287
2023-08-29,0.02136675811232925
2023-08-30,0.025357656176057577
2023-08-31,0.025371940064798933
2023-09-01,0.025600994714926738
2023-09-04,0.026238527630595615
2023-09-05,0.02653870452687228
2023-09-06,0.027332521958008997
2023-09-07,0.029676059073532574
2023-09-08,0.03135189371850473
2023-09-11,0.03034606302337343
2023-09-12,0.03930039736778233
2023-09-13,0.03977025851396508
2023-09-14,0.04363552150009884
2023-09-15,0.04194934412591766
2023-09-18,0.032756898972830746
2023-09-19,0.030646405048413955
2023-09-20,0.02677013103920642
2023-09-21,0.019254294935499714
2023-09-22,0.01884248550902869
2023-09-25,0.023477453921624584
2023-09-26,0.023378139513725582
2023-09-27,0.024519664481247733
2023-09-28,0.023773947904352746
2023-09-29,0.02591226837498235
2023-10-02,0.02592891592908685
2023-10-03,0.025673485136931986
2023-10-04,0.03569879109394035
2023-10-05,0.03726225637563582
2023-10-06,0.03677874993820003
2023-10-09,0.01623057499296113
2023-10-10,0.019225809344133992
2023-10-11,0.014933559999204721
2023-10-12,0.01591232788658648
2023-10-13,0.022008360952264886
2023-10-16,0.011761423236116477
2023-10-17,0.011625910786334398
2023-10-18,0.015128887851160207
2023-10-19,0.014254437776841896
2023-10-20,0.021314328148517254
2023-10-23,0.024004395537786594
2023-10-24,0.030672556858697752
2023-10-25,0.022352452801155526
2023-10-26,0.020554301169611214
2023-10-27,0.02131088749891945
2023-10-30,0.02033549225306651
2023-10-31,0.016525380396148013
2023-11-01,0.018584322725144667
2023-11-02,0.026094399937971406
2023-11-03,0.03154983845904418
2023-11-06,0.032624807878938726
2023-11-07,0.03333454345775434
2023-11-08,0.03790966301190495
2023-11-09,0.030962694878983527
2023-11-10,0.02565559199334983
2023-11-13,0.024394604426889052
2023-11-14,0.03360397775395654
2023-11-15,0.0333445826105308
2023-11-16,0.031237475619134786
2023-11-17,0.028561266916850236
2023-11-20,0.02554230374723923
2023-11-21,0.025978932045035333
2023-11-22,0.026072344349122117
2023-11-23,0.025390480663599647
2023-11-24,0.015283774647873108
2023-11-27,0.016112357534571055
2023-11-28,0.016038407840936353
2023-11-29,0.015703751087692983
2023-11-30,0.015582059443819862
2023-12-01,0.01773446516300247
2023-12-04,0.01641164604458828
2023-12-05,0.019796046682715677
2023-12-06,0.016825359415776765
2023-12-07,0.01765458487290009
2023-12-08,0.016927587409879177
2023-12-11,0.016772765295486304
2023-12-12,0.018476942605657916
2023-12-13,0.008520736467378626
2023-12-14,0.024817538522613147
2023-12-15,0.025026370524771146
2023-12-18,0.029488458520862102
2023-12-19,0.038800887047958
2023-12-20,0.0397356444687279
2023-12-21,0.03306669320807723
2023-12-22,0.03380165651270357
2023-12-27,0.03311091035178146
2023-12-28,0.03434180289023308
2023-12-29,0.032073264261197595
2024-01-02,0.0304914490088029
2024-01-03,0.018505927311144615
2024-01-04,0.019104029967186856
2024-01-05,0.016211849913553893
2024-01-08,0.01639794743028395
2024-01-09,0.02229603628048232
2024-01-10,0.02418368935967577
2024-01-11,0.021333616179429638
2024-01-12,0.01975980616252378
2024-01-15,0.02088926358515685
2024-01-16,0.021862441321943687
2024-01-17,0.022411013458862226
2024-01-18,0.017652943989275416
2024-01-19,0.016629588103226827
2024-01-22,0.002907541619832387
2024-01-23,-0.0034969979690454194
2024-01-24,-0.005376134946421253
2024-01-25,-0.0034169504288494
2024-01-26,-0.0009139081654454529
2024-01-29,-0.00038179609463394115
2024-01-30,0.0027567013091188714
2024-01-31,0.0031385456652969295
2024-02-01,0.0032137385071070966
2024-02-02,0.004677900987373155
2024-02-05,-0.007892050610762435
2024-02-06,-0.011091724256102371
2024-02-07,-0.01112878008191925
2024-02-08,-0.011232559606152333
2024-02-09,0.0037623470589826405
2024-02-12,0.014162402551259718
2024-02-13,0.015534782321309785
2024-02-14,-0.015582529397357027
2024-02-15,-0.01777847816885593
2024-02-16,-0.016798991636991327
2024-02-19,-0.010244433040743356
2024-02-20,-0.007140064822158187
2024-02-21,-0.015495870363818687
2024-02-22,-0.02197115143192244
2024-02-23,-0.017987601959981087
2024-02-26,-0.023100224863792686
2024-02-27,-0.023199950385091553
2024-02-28,-0.02444633150856238
2024-02-29,-0.026326876135516642
2024-03-01,-0.026220057116593875
2024-03-04,-0.0370198254794549
2024-03-05,-0.044465949131798785
2024-03-06,-0.06268972513070284
2024-03-07,-0.05068580781984125
2024-03-08,-0.045162063054282504
2024-03-11,-0.041281788026704215
2024-03-12,-0.041857871848003866
2024-03-13,-0.03946206306844461
2024-03-14,0.034468696891188914
2024-03-15,0.000526603127731757
2024-03-18,-0.0013089597883070903
2024-03-19,-0.0023952308703236356
2024-03-20,0.0044849056839288935
2024-03-21,0.0023524911776590936
2024-03-22,0.014882186163059478
2024-03-25,0.019004594210596602
2024-03-26,0.005945543937570544
2024-03-27,0.02110458033221617
2024-03-28,0.01995209833957482
2024-04-02,0.021812577170901508
2024-04-03,0.019430162464059157
2024-04-04,0.015674371919231052
2024-04-05,0.023319055346645554
2024-04-08,0.028665812352630608
2024-04-09,0.03527760976248512
2024-04-10,0.05142948948822061
2024-04-11,0.11784386756874021
2024-04-12,0.13853322953997568
2024-04-15,0.16296757502411224
2024-04-16,0.15099021322562864
2024-04-17,0.15123445778529088
2024-04-18,0.16383187835679822
2024-04-19,0.1618795017998676
2024-04-22,0.16952299996518186
2024-04-23,0.19185540570267762
2024-04-24,0.1924131487927153
2024-04-25,0.20154154027800675
2024-04-26,0.17403585493166066
2024-04-29,0.1650130447815102
2024-04-30,0.1727775049420419
2024-05-01,0.17033936711438072
2024-05-02,0.15587287641108433
2024-05-03,0.09123375857396024
2024-05-06,0.1059454744492317
2024-05-07,0.11468068758643025
2024-05-08,0.12247813669639711
2024-05-09,0.11944732305694243
2024-05-10,0.10597073449590658
2024-05-13,0.11998776844649996
2024-05-14,0.12614881633250818
2024-05-15,0.13641260455885063
2024-05-16,0.12488146791647359
2024-05-17,0.11644109844669778
2024-05-20,0.1176217616260064
2024-05-21,0.11119773651141912
2024-05-22,0.1195403213961405
2024-05-23,0.14442744937341667
2024-05-24,0.14478725250039687
2024-05-27,0.16022904675947813
2024-05-28,0.15724706759076623
2024-05-29,0.1760264879688681
2024-05-30,0.17684310307723672
2024-05-31,0.17466300786712788
2024-06-03,0.1829434532995992
2024-06-04,0.18894655198490368
2024-06-05,0.18788202331971948
2024-06-06,0.17046852987617703
2024-06-07,0.13339210854404002
2024-06-10,0.1327832878481316
2024-06-11,0.1267618240095232
2024-06-12,0.09854970721745385
2024-06-13,0.0731657076698156
2024-06-14,0.07339563863661314
2024-06-17,0.07808090901346917
2024-06-18,0.07199264613633029
2024-06-19,0.07050174655715577
2024-06-20,0.0694389125711582
2024-06-21,0.060762545584030464
2024-06-24,0.046385122497675645
2024-06-25,0.05387856427926988
2024-06-26,0.04417301823822984
2024-06-27,0.04190648870143322
2024-06-28,0.04803804291195849
2024-07-01,0.05288165452874483
2024-07-02,0.05066023073853324
2024-07-03,0.04597342990254023
2024-07-04,0.03961348350802586
2024-07-05,0.037281825232961946
2024-07-08,0.012332096451866623
2024-07-09,0.002705824729832201
2024-07-10,0.003134536190296581
2024-07-11,0.0012180362306038726
2024-07-12,-0.003075265013176066
2024-07-15,0.0021174669683427685
2024-07-16,-0.0012828504167504775
2024-07-17,0.0004627132086685658
2024-07-18,-0.019679128462324082
2024-07-19,-0.019156771343154966
2024-07-22,-0.000316637225940055
2024-07-23,-0.015241152439481136
2024-07-24,0.001581477326086745
2024-07-25,-0.013431634819016451
2024-07-26,-0.03040309182427814
2024-07-29,-0.027568849381930667
2024-07-30,-0.023353192477626974
2024-07-31,-0.018450425615551207
2024-08-01,-0.016333181755832156
2024-08-02,-0.03151587812457378
2024-08-05,0.0063427441497685595
2024-08-06,-0.010809860911557164
2024-08-07,-0.007422450890231668
2024-08-08,-0.005869873885523491
2024-08-09,-0.008102341383759593
2024-08-12,-0.02641855315802317
2024-08-13,-0.017589520249742377
2024-08-14,-0.006938680353530078
2024-08-15,-0.006165716725694582
2024-08-16,-0.009816864083312003
2024-08-19,-0.008234841212873725
2024-08-20,-0.012893471053314155
2024-08-21,-0.014867013843312248
2024-08-22,-0.013567332296657915
2024-08-23,-0.004868302805439482
2024-08-26,-0.02867787614155218
2024-08-27,-0.029291679423955563
2024-08-28,-0.03065688950038718
2024-08-29,-0.04704114691938308
2024-08-30,-0.05723856292685857
2024-09-02,-0.06063354804984004
2024-09-03,-0.0558973219242004
2024-09-04,-0.03826353998314935
2024-09-05,-0.032968556069684324
2024-09-06,-0.02788478512951736
2024-09-09,-0.025423347964638056
2024-09-10,-0.013327578577413847
2024-09-11,-0.013539881084178694
2024-09-12,-0.016411253871433717
2024-09-13,-0.003407339821062134
2024-09-16,-0.0002314226524623704
2024-09-17,-0.0009730916089323962
2024-09-18,-0.0008690178851031986
2024-09-19,-0.009132548725583974
2024-09-20,-0.026700421640116823
2024-09-23,-0.053372519766715386
2024-09-24,-0.052634318843862944
2024-09-25,-0.05988737374450405
2024-09-26,-0.05456043718818503
2024-09-27,-0.05369776662263322
2024-09-30,-0.052571681725269534
2024-10-01,-0.057826748492273344
2024-10-02,-0.056948586298257005
2024-10-03,-0.05553588515170338
2024-10-04,-0.04672450832973857
2024-10-07,-0.04553316645616561
2024-10-08,-0.06651142573559236
2024-10-09,-0.0579172534015777
2024-10-10,-0.05816451755870921
2024-10-11,-0.05590506268258946
2024-10-14,-0.05733662458553009
2024-10-15,-0.00252535852409668
2024-10-16,-0.01254496081599284
2024-10-17,-0.015793723114622998
2024-10-18,-0.011925885621754
2024-10-21,-0.0658033593494352
2024-10-22,-0.04591504616754504
2024-10-23,-0.04390651548477923
2024-10-24,-0.05209424777657958
2024-10-25,-0.05757952681237879
2024-10-28,-0.06852175138067189
2024-10-29,-0.08553975481968647
2024-10-30,-0.023778430681653414
2024-10-31,-0.10341129601975242
2024-11-01,-0.07564266909395091
2024-11-04,-0.07446325686691474
2024-11-05,-0.0803322222605826
2024-11-06,-0.0861248425179089
2024-11-07,-0.08255354262691159
2024-11-08,-0.06832097011794883
2024-11-11,-0.10244098008932832
2024-11-12,-0.12662126676401164
2024-11-13,-0.09499283398637517
2024-11-14,-0.08976790891193343
2024-11-15,-0.10272137287848819
2024-11-18,-0.08436838526227326
2024-11-19,-0.08788189255254618
2024-11-20,-0.09663675794394579
2024-11-21,-0.09409708550077255
2024-11-22,-0.07271476050018566
2024-11-25,-0.058906720545460235
2024-11-26,-0.058962392254231506
2024-11-27,-0.060993344505765525
2024-11-28,-0.05551685403196383
2024-11-29,-0.042233636929826526
2024-12-02,-0.02651408364230306
2024-12-03,-0.03558030254056169
2024-12-04,-0.03455817281522392
2024-12-05,-0.02191748896999888
2024-12-06,-0.021662083666691704
2024-12-09,-0.02196411418669379
2024-12-10,-0.027543526415382404
2024-12-11,-0.03177592851810933
2024-12-12,-0.0380048987935972
2024-12-13,-0.04291345220020351
2024-12-16,-0.03708616552894109
2024-12-17,-0.01818690809183644
2024-12-18,0.004912112741160644
2024-12-19,0.05359368564895634
2024-12-20,0.03716484679287087
2024-12-23,0.047709221885892605
2024-12-24,0.038273361847230056
2024-12-27,0.02716014151644408
2024-12-30,0.03630836995938435
2024-12-31,0.048598462567997866
2025-01-02,0.04248047866996294
2025-01-03,0.029551490941112483
2025-01-06,0.030414572924706073
2025-01-07,0.023787201304682093
2025-01-08,0.01736040144384735
2025-01-09,0.017047092664632363
2025-01-10,-0.009323847909241003
2025-01-13,0.013195015315687847
2025-01-14,0.009935577065750314
2025-01-15,0.0034283168872322623
2025-01-16,-0.021878783872985016
2025-01-17,-0.004880446521516407
2025-01-20,-0.011027841924158312
2025-01-21,0.016790982204814436
2025-01-22,0.007032794881374771
2025-01-23,0.01196297852954635
2025-01-24,0.00793761965607323
2025-01-27,0.01311818944662973
2025-01-28,0.014998377908347543
2025-01-29,0.023798751747231135
2025-01-30,-0.0031681764849691625
2025-01-31,0.0035078950905273764
2025-02-03,0.004076466170712419
2025-02-04,0.00216305851923581
2025-02-05,-0.003328441956610657
2025-02-06,0.010100395679502923
2025-02-07,0.0067554192870245364
2025-02-10,-0.007079753730361003
2025-02-11,0.017651061310044017
2025-02-12,0.02800861348764471
2025-02-13,0.01090079856142007
2025-02-14,0.007083323314981907
2025-02-17,0.017428918012809966
2025-02-18,0.0068322738951213935
2025-02-19,0.00852999116808159
2025-02-20,-0.006198222103178207
2025-02-21,-0.005044559648326419
2025-02-24,-0.007297049097573719
2025-02-25,-0.013500792406264582
2025-02-26,-0.009883317122601416
2025-02-27,-0.007392775226895232
2025-02-28,-0.0030206339745636594
2025-03-03,-0.010858377442663728
2025-03-04,-0.02465598373636178
2025-03-05,0.03386077397721096
2025-03-06,0.026271031428059602
2025-03-07,0.01776675227934972
2025-03-10,0.02421908493729562
2025-03-11,0.03525515348796342
2025-03-12,0.03183668491832954
2025-03-13,0.01492622303365458
2025-03-14,0.0078046043444736065
2025-03-17,0.009026531294695675
2025-03-18,0.009983751686174094
2025-03-19,0.008777127180091023
2025-03-20,0.008948594646217894
2025-03-21,-0.017067608506087854
2025-03-24,-0.002889672683918222
2025-03-25,-0.0019030787919690245
2025-03-26,-0.0043167800567736015
2025-03-27,-0.0016072766541736273
2025-03-28,-0.0013754421246681514
2025-03-31,0.0018519375309672135
2025-04-01,-0.020760588315937127
2025-04-02,-0.02164297539630611
2025-04-03,-0.02144754725256507
2025-04-04,0.024577749496215124
2025-04-07,0.15696499211792136
2025-04-08,0.0762852103096767
2025-04-09,0.06277865971262343
2025-04-10,-0.02360118563523409
2025-04-11,-0.027643852503823105
2025-04-14,-0.03153711790561295
2025-04-15,-0.0023310466587659383
2025-04-16,-0.00921834997589698
2025-04-17,-0.009925514789320052
2025-04-22,-0.009024586237195669
2025-04-23,-0.005919963192256315
2025-04-24,0.004023131768043615
2025-04-25,0.0028303820699311856
2025-04-28,0.004158202108605119
2025-04-29,0.0041696230291456545
2025-04-30,0.00791655486028949
2025-05-01,0.0037154073846917897
2025-05-02,-0.015285902720429366
2025-05-05,-0.016018703190746785
2025-05-06,-0.015378475391344787
2025-05-07,-0.01533774651391554
2025-05-08,-0.020413456006866126
2025-05-09,-0.015048854225771503
2025-05-12,0.003058415375708473
2025-05-13,0.011511074423571603
2025-05-14,0.019150086188905718
2025-05-15,0.016861770535111696
2025-05-16,0.025712081493781982
2025-05-19,0.019352473841354908
2025-05-20,0.01715903088928411
2025-05-21,0.017957127212248597
2025-05-22,0.026403167625032902
2025-05-23,0.021770096318957457
2025-05-26,0.018237030050216034
2025-05-27,0.025090695133284616
2025-05-28,0.01739962567867242
2025-05-29,0.015837083318321957
2025-05-30,0.017070658249791856
2025-06-02,0.022744191570815656
2025-06-03,0.040512896139404356
2025-06-04,-0.015386390890705828
2025-06-05,-0.004435685259594035
2025-06-06,0.0006137111511163794
2025-06-09,0.0022788360783335304
2025-06-10,-0.011797598384499544
2025-06-11,-0.014582353059970429
2025-06-12,0.020085882811031276
2025-06-13,0.013874415209679034
2025-06-16,-0.005764303473365966
2025-06-17,-0.012054428448225778
2025-06-18,-0.014247630174349282
2025-06-19,-0.011223215626415064
2025-06-20,-0.01085517593864949
2025-06-23,-0.010695315537108653
2025-06-24,-0.012500971226027573
2025-06-25,-0.01572405572540793
2025-06-26,-0.017486905662550675
2025-06-27,-0.01897856443610083
2025-06-30,-0.019625471893365058
2025-07-01,-0.0014256803416420555
2025-07-02,0.006117074649119921
2025-07-03,0.00695484565919046
2025-07-04,-0.051232586197767306
2025-07-07,-0.3001517520489442
2025-07-08,-0.19404552602009753
2025-07-09,-0.14429214642222937
2025-07-10,-0.011043954332675285
2025-07-11,-0.005348371541393295
2025-07-14,-0.009539384612254065
2025-07-15,-0.03244396635076413
2025-07-16,-0.04759892437761435
2025-07-17,-0.03571359554359966
2025-07-18,-0.039738228471515
2025-07-21,-0.03493138207765719
2025-07-22,-0.05152321234899653
2025-07-23,-0.039310297422283216
2025-07-24,-0.08857614106432148
2025-07-25,-0.08893447007375649
2025-07-28,-0.09665679893465019
2025-07-29,-0.09448962792465367
2025-07-30,-0.0962871002204596
2025-07-31,-0.09593771841070949
2025-08-01,-0.0990334116563838
2025-08-04,-0.1229212218458144
2025-08-05,-0.12226456964029682
2025-08-06,-0.1254310319065976
2025-08-07,-0.16876170882972774
2025-08-08,-0.19017637212814112
2025-08-11,-0.19354963820888246
2025-08-12,-0.1964697915171786
2025-08-13,-0.19925668603810895
2025-08-14,-0.2056084942327896
2025-08-15,-0.19931545273572318
2025-08-18,-0.19145640819916088
2025-08-19,-0.19528442343204458
2025-08-20,-0.18087384157321845
2025-08-21,-0.18693005773514326
2025-08-22,-0.20526987876075808
2025-08-25,-0.20439953110901055
2025-08-26,-0.19674953720477084
2025-08-27,-0.19530990296485773
2025-08-28,-0.19487493891338675
2025-08-29,-0.19311014235061055
2025-09-01,-0.19150141794887415
2025-09-02,-0.17073759953335596
2025-09-03,-0.17949798952149712
2025-09-04,-0.1583778369226575
2025-09-05,-0.14072906851952888
2025-09-08,-0.14407671862392757
2025-09-09,-0.14106748548634596
2025-09-10,-0.1456273045888699
2025-09-11,-0.12357052042999543
2025-09-12,-0.12712573825666773
2025-09-15,-0.13726973765345982
2025-09-16,-0.1362822803645617
2025-09-17,-0.13874483173781996
2025-09-18,-0.13741481686288237
2025-09-19,-0.13425553159574666
2025-09-22,-0.13292417680712504
2025-09-23,-0.13194176707853203
2025-09-24,-0.13333882489712587
2025-09-25,-0.09415145544110534
2025-09-26,-0.09490071079317144
2025-09-29,-0.09331644001137442
2025-09-30,-0.10015299836878981
2025-10-01,-0.08092665220560169
2025-10-02,-0.03642820910646059
2025-10-03,-0.03213191781422837
2025-10-06,-0.04473425232571096
2025-10-07,-0.04305114219695432
2025-10-08,-0.03365092372714273
2025-10-09,-0.014331875690688781
2025-10-10,-0.005188463471656642
2025-10-13,-0.012678002954748305
2025-10-14,-0.020661353755023378
2025-10-15,-0.03333699484728961
2025-10-16,-0.03466062452433544
2025-10-17,-0.08566597247017887
2025-10-20,-0.10109972868960751
2025-10-21,-0.032400392153480215
2025-10-22,-0.03175806405765998
2025-10-23,-0.03437471160625263
2025-10-24,-0.039638872247538974
2025-10-27,-0.03764131120296711
2025-10-28,-0.04170165257063075
2025-10-29,-0.03700934246811234
2025-10-30,0.017337185685845385
2025-10-31,0.019789687520755824
2025-11-03,0.034739026379114905
2025-11-04,0.05217663178918668
2025-11-05,0.07382703774629464
2025-11-06,0.06225608208063069
2025-11-07,0.07535323577892723
2025-11-10,0.07433553139089816
2025-11-11,0.11120792607699825
2025-11-12,0.16969353979868054
2025-11-13,0.13732624146128286
2025-11-14,0.1475397872649269
2025-11-17,0.15445268463734896
2025-11-18,0.15462366139131828
2025-11-19,0.1457779844139593
2025-11-20,0.14579950059029148
2025-11-21,0.1285081652618319
2025-11-24,0.12778017771463
2025-11-25,0.13595559263621743
2025-11-26,0.13779890487098348
2025-11-27,0.13813163152716876
2025-11-28,0.12830400786261256
2025-12-01,0.13567016253450068
2025-12-02,0.12029075586968153
2025-12-03,0.07356426858808104
2025-12-04,0.07239197659149407
2025-12-05,0.06991277177714396
2025-12-08,0.05919482854992992
2025-12-09,0.056273580688102585
2025-12-10,0.06539497643034177
2025-12-11,0.05445355128976647
2025-12-12,0.04496400268924193
2025-12-15,0.03041233474100478
2025-12-16,0.012630241438245371
2025-12-17,0.012160143526229399
2025-12-18,0.001646967196523131
2025-12-19,0.0058384676630859845
2025-12-22,0.002248580996210872
2025-12-23,-0.0298097804186602
2025-12-24,-0.02658031596521053
2025-12-29,-0.02114793756332557
2025-12-30,-0.030280678927286336
2025-12-31,-0.040818988854974855
